"unique_trial_id","subject_id","RT","correctness","mousetrackingDuration","movementDirection","exemplar","traveledDistance","trial_type","MAD","AUC","xpos_flips","ypos_flips","initiation_time","total_dist","prototype_label","z_AUC","z_RT","z_initiation_time"
"1",2141,1048,"Correct",901,53.95002176,"Paris",34,"Typical",66.7784163371038,6773.5,0,2,360,833.426259844866,"straight",-1.11011471024714,-1.29891375099993,1.68840683893558
"2",2141,1364,"Correct",1204,65.06616905,"Beijing",53,"Atypical",829.7405503868,206996.5,2,2,270,1942.87018431681,"dCoM",0.651040038230568,-0.130552399909663,1.04607815021009
"3",2141,1518,"Correct",1405,57.20804084,"Ottawa",66,"Atypical",-43.241532320283,-1958.5,1,1,0,845.494072783356,"straight",-1.18692108745509,0.644499189427447,-0.880907915966391
"4",2141,1706,"Correct",1591,49.03424338,"Dubrovnik",55,"Atypical",-96.9847405761196,-26864.5,3,2,0,896.15037441573,"straight",-1.4059934226293,1.3617111079185,-0.880907915966391
"5",2141,1042,"Correct",856,55.47870918,"Rom",23,"Typical",149.683149705707,93993,2,1,360,951.988102713522,"straight",-0.342934932774765,-1.47243276353809,1.68840683893558
"6",2141,1362,"Correct",1336,41.52078929,"Barcelona",53,"Atypical",524.229790161908,232079,2,2,0,1651.34810801247,"cCoM",0.871664861446143,0.378436703535604,-0.880907915966391
"7",2141,919,"Correct",784,49.93613744,"London",31,"Typical",129.586073850074,67629.5,1,0,198,894.335124507417,"straight",-0.57482738874382,-1.75006318359915,0.532215199229694
"10",2141,1573,"Correct",1351,84.58496469,"Saigon",52,"Atypical",744.678048099007,307364,3,2,0,1803.25531699095,"dCoM",1.53386917982687,0.436276374381657,-0.880907915966391
"12",2141,1316,"Correct",1173,48.61061734,"Salzburg",50,"Typical",579.194495005527,237801.5,3,2,0,1548.3517918606,"cCoM",0.92199977825472,-0.250087719658172,-0.880907915966391
"13",2141,1451,"Correct",1317,62.1834892,"Rio de Janeiro",54,"Atypical",714.608936976479,243136,1,3,180,1667.5201915532,"dCoM",0.968921860162165,0.305173120463936,0.403749461484596
"14",2141,1340,"Correct",1117,62.0273937,"Berlin",55,"Typical",82.950971454897,32297.5,3,3,0,833.683510953374,"straight",-0.885606467936592,-0.46602249081677,-0.880907915966391
"15",2140,1810,"Correct",1477,59.04653375,"Paris",57,"Typical",118.836109897395,54355.5,3,0,0,899.15335107897,"curved",-0.950369267063123,-0.999892731522264,-0.706270111508942
"16",2140,6025,"Correct",5413,58.26112831,"Dubrovnik",148,"Atypical",78.2954758743975,23515.5,0,1,270,884.492777948059,"straight",-1.34718187617475,0.797995706701414,0.0809665005572335
"17",2140,2668,"Correct",1878,69.42299375,"Salzburg",65,"Typical",315.141888184911,134983.5,3,3,0,1049.87887266097,"cCoM",0.0870563829839775,-0.816723711266244,-0.706270111508942
"18",2140,1887,"Correct",1506,70.92593513,"London",57,"Typical",309.398351079757,105460,2,0,450,1021.68619720218,"curved",-0.292817062706919,-0.98664609414714,0.605790908601351
"20",2140,1726,"Correct",1423,59.85830916,"Berlin",50,"Typical",75.4179422855417,11212,0,0,555,853.114343007548,"straight",-1.50548874829554,-1.02455888387594,0.911938479960419
"27",2140,3654,"Correct",3312,85.20979542,"Barcelona",96,"Atypical",632.722573418473,210304,2,3,360,1576.07958060119,"dCoM",1.0561914064792,-0.161700332096337,0.343378704579292
"29",2139,1640,"Correct",1063,84.03828522,"Sydney",42,"Atypical",982.544276828506,459780.5,1,0,0,2249.84859091872,"dCoM",1.03368644514347,-0.644428265560788,-0.704015540236991
"30",2139,2896,"Correct",2683,53.62038724,"Dubrovnik",74,"Atypical",-201.624209001839,-111435.5,2,1,990,1193.38928351606,"straight",-1.03595524012376,0.0644865867321463,2.33833733007286
"31",2139,1832,"Correct",1715,85.06614823,"Beijing",64,"Atypical",977.3520768127,398720,1,2,540,2334.02998271902,"dCoM",0.812450772257447,-0.359111917600916,0.955449661750202
"36",2139,1496,"Correct",1383,77.39468668,"Las Vegas",57,"Typical",723.605973971974,-50420.5,2,2,0,2923.23174279989,"dCoM2",-0.814884423783569,-0.5043957021449,-0.704015540236991
"37",2139,1080,"Correct",889,54.2552786,"Berlin",45,"Typical",133.406725752729,31045,3,0,0,1238.14630527513,"straight",-0.519716930731663,-0.720570971918177,-0.704015540236991
"38",2139,1656,"Correct",1532,73.36527438,"Saigon",71,"Atypical",920.452996570188,368775.5,3,2,360,2494.53367219866,"dCoM",0.703955237390629,-0.439193039804377,0.402294594421138
"39",2138,1254,"Correct",1163,42.67021119,"Las Vegas",41,"Typical",-44.714427161667,8596.5,2,0,0,869.054629898656,"straight",-0.689299374848872,-0.706176424334424,-1.03411982156193
"41",2138,1080,"Correct",1040,52.31064837,"Berlin",37,"Typical",-49.0799620985131,-4582,0,1,450,780.071598500371,"straight",-0.863581757239757,-0.849351754323107,-0.245718432823483
"42",2138,952,"Correct",865,49.38191784,"Moscow",30,"Typical",-24.8492780024175,-3413,0,0,0,751.445105795478,"straight",-0.848122023202124,-1.05305649211188,-1.03411982156193
"43",2138,840,"Correct",823,52.29307811,"London",34,"Typical",-71.0945833945302,-9178,1,1,292,825.233954377224,"straight",-0.92436271330217,-1.10194562918119,-0.522534920424982
"44",2138,2226,"Correct",2165,85.12056252,"Rom",92,"Typical",652.698680082747,108001,2,3,360,2228.83683803847,"dCoM2",0.625300396018431,0.460178702890454,-0.403398710571172
"45",2138,1894,"Correct",1832,82.89699207,"Ottawa",56,"Atypical",502.511784162765,178205.5,1,0,1080,1254.36781925441,"cCoM",1.55373743472245,0.0725576875552402,0.858043511410343
"46",2138,2294,"Correct",2246,57.7274984,"Dubrovnik",63,"Atypical",86.8415253822032,20192.5,3,0,1530,741.789838292817,"straight",-0.535945161076082,0.554464895809831,1.64644490014879
"48",2138,2020,"Correct",1903,50.30788683,"Salzburg",57,"Typical",87.8991500768814,7280.5,0,0,19,791.369493128169,"straight",-0.706703147298423,0.155203609743829,-1.00083176292631
"49",2138,1186,"Correct",1121,56.99146168,"Paris",41,"Typical",55.1688179987259,20551,1,0,450,703.720299982483,"straight",-0.531204087806201,-0.755065561403731,-0.245718432823483
"51",2137,1073,"Correct",858,58.09033332,"Moscow",36,"Typical",40.6718859488878,5325,0,0,270,942.876870338357,"straight",-1.10450005664154,-0.725668139898668,0.161959880647362
"52",2137,1310,"Correct",1137,58.70871313,"Paris",53,"Typical",418.336993500483,223905.5,1,2,0,1319.1323715267,"cCoM",0.526376394517629,-0.432293047436012,-1.5056778734759
"53",2137,1041,"Correct",927,58.49170712,"Berlin",41,"Typical",345.183124430362,212919,1,2,270,1245.0874212972,"cCoM",0.444403738536605,-0.653113009504678,0.161959880647362
"54",2137,2394,"Correct",2277,75.79503107,"Salzburg",96,"Typical",834.819454312233,376057.5,1,2,0,1980.37765810865,"dCoM",1.66161541994199,0.766443889508173,-1.5056778734759
"55",2137,1599,"Correct",1443,57.47358428,"Las Vegas",60,"Typical",110.255817618264,45520.5,0,1,180,982.502533653877,"straight",-0.804592725509216,-0.110526816993099,-0.393919370727059
"56",2137,1326,"Correct",1137,57.51642479,"London",49,"Typical",64.6794138797886,29519,0,0,360,979.842612344183,"straight",-0.923983382650285,-0.432293047436012,0.717839132021784
"57",2137,1373,"Correct",1231,61.98864508,"Dubrovnik",60,"Atypical",353.816948878459,133431.5,3,0,270,1194.61260150845,"curved",-0.148669714545963,-0.333449826319562,0.161959880647362
"59",2137,2972,"Correct",1097,56.47912162,"Rom",44,"Typical",81.7501858867561,44078.5,0,0,484,986.60108476981,"straight",-0.815351799820839,-0.474353992591948,1.48371721169321
"60",2136,6121,"Correct",5873,43.25589738,"Beijing",85,"Atypical",-27.3143933327969,-9203,1,0,810,726.610178756403,"straight",-0.413944898703054,2.74727028416793,-0.258019751608603
"61",2136,3234,"Correct",2977,47.70945015,"Saigon",47,"Atypical",35.2994314962562,13544.5,0,0,2723,681.512230732865,"straight",0.397648008682537,0.516115608005952,2.13067784324394
"62",2136,2241,"Correct",2088,45.78780671,"Las Vegas",52,"Typical",-35.2336930176709,-11573,2,0,1440,668.894525582784,"straight",-0.49850255077488,-0.168793406879406,0.528639675865053
"63",2136,2391,"Correct",2248,47.12852499,"Paris",54,"Typical",-34.9459360200649,-12490.5,1,0,1260,659.325076699237,"straight",-0.531237422410281,-0.0455251927268107,0.303879839444008
"64",2136,1656,"Correct",1529,49.30516334,"Salzburg",41,"Typical",-39.8700599335801,-10650,2,0,0,654.345239428791,"straight",-0.465571448301338,-0.599461730075036,-1.2694390155033
"65",2136,1567,"Correct",1420,48.19625969,"Barcelona",35,"Atypical",-41.0902261878155,-13848,0,0,900,651.780818935418,"straight",-0.579670761096991,-0.683438200966491,-0.145639833398081
"67",2136,1664,"Correct",1490,50.1662622,"Berlin",42,"Typical",333.023484231551,79786.5,1,0,900,1080.01084670766,"cCoM",2.76105222325717,-0.629508357274731,-0.145639833398081
"68",2136,2758,"Correct",2614,47.59844214,"Moscow",63,"Typical",36.2600267922593,10783.5,0,0,1890,670.037692386435,"straight",0.299140127935571,0.236450847147251,1.09053926691767
"69",2136,1392,"Correct",1197,46.75402165,"Rom",33,"Typical",20.9599397295927,7372.5,0,0,810,679.026245065713,"straight",0.177441329953715,-0.855243274441671,-0.258019751608603
"70",2136,2031,"Correct",1873,49.02887954,"London",47,"Typical",-16.2859827480965,-5128,3,1,450,665.531053033833,"straight",-0.268555686807405,-0.334435069646956,-0.707539424450693
"72",2135,1536,"Correct",1376,54.78240703,"Rom",40,"Typical",136.379376900165,61182.5,1,3,493,1009.75352193593,"straight",-0.229396749701079,-0.792169530221414,-0.171964399794837
"73",2135,2560,"Correct",2312,48.87715183,"Moscow",58,"Typical",278.925988709014,112252,0,1,450,959.758788201097,"curved",0.318318324603483,0.475892889424059,-0.283235482015026
"74",2135,2030,"Correct",1353,76.18433323,"Beijing",47,"Atypical",389.24728992726,162381,2,1,0,1183.75760282242,"cCoM",0.855946634256277,-0.823329183695609,-1.44770029594723
"75",2135,1857,"Correct",1692,54.505078,"Salzburg",62,"Typical",356.917401161291,148402,2,2,630,1120.11125487014,"curved",0.706023313610814,-0.364062986836832,0.182550443557857
"76",2135,1562,"Correct",1254,54.31273812,"London",37,"Typical",89.8746315875245,35070.5,0,0,360,709.851221780465,"straight",-0.509445233047121,-0.95745117038888,-0.516128444801467
"78",2135,1754,"Correct",1172,48.75687815,"Ottawa",37,"Atypical",-102.893364191959,-24037,1,0,711,766.174391118493,"straight",-1.14336702109002,-1.06854210886209,0.392154110065654
"79",2135,1973,"Correct",1837,47.8402194,"Berlin",53,"Typical",-163.228841882601,-59412.5,2,2,810,859.744601699731,"straight",-1.52276557817519,-0.167621693195172,0.648336369130739
"80",2135,4129,"Correct",3639,63.33542572,"Las Vegas",117,"Typical",87.306884689901,34119,1,0,1530,721.729234514989,"straight",-0.519649971554465,2.27366941813084,2.51148007142227
"81",2135,2504,"Correct",2364,81.76029451,"Barcelona",58,"Atypical",458.320282222429,202432,1,1,360,1217.53504270169,"cCoM",1.28548944240932,0.546340801626585,-0.516128444801467
"82",2134,1794,"Correct",1721,53.41364618,"Paris",81,"Typical",-23.0192748276051,2648.5,1,0,360,951.925428183565,"straight",-0.228703902434105,-0.46967374629805,-0.14799286392295
"83",2134,1319,"Correct",1317,51.66254279,"Berlin",44,"Typical",-85.8760739246539,-55801,2,0,540,980.311243779951,"straight",-0.675140433105441,-1.35559485349182,0.28419868558655
"85",2134,1890,"Correct",1810,60.00623467,"Salzburg",61,"Typical",-59.8727086779299,-24156.5,1,0,900,873.007656466854,"straight",-0.433440148332618,-0.274507957832095,1.14858178460555
"86",2134,2175,"Correct",1999,58.66456109,"Ottawa",73,"Atypical",-40.1161440184033,-14732.5,0,0,900,862.294291266361,"straight",-0.361459757310511,0.139945233404597,1.14858178460555
"87",2134,1911,"Correct",1782,56.87607073,"London",77,"Typical",-93.301355828995,-45476.5,0,1,0,893.540909717571,"straight",-0.596282034643243,-0.335908430607901,-1.01237596294195
"89",2134,1810,"Correct",1734,54.78789445,"Moscow",62,"Typical",12.5474435961167,4366,0,0,810,915.280168436719,"straight",-0.215585659482018,-0.441166383937854,0.932486009850801
"90",2134,1855,"Correct",1848,51.30744986,"Beijing",62,"Atypical",-42.8871089753934,-17068,2,0,0,968.784381886908,"straight",-0.379298276329201,-0.191178744779215,-1.01237596294195
"92",2134,2021,"Correct",1899,55.3773935,"Saigon",65,"Atypical",-70.5550303116986,-36399,0,0,990,900.772241388926,"straight",-0.526948206173042,-0.0793421693661393,1.3646775593603
"93",2133,1539,"Correct",1402,58.94623661,"Moscow",60,"Typical",47.5541489290489,23394.5,1,1,0,916.325802975679,"straight",-0.593749532862478,-0.618227905536171,-0.976063826947994
"96",2133,1333,"Correct",1238,53.55364415,"London",34,"Typical",43.6535339827472,13225.5,1,1,0,1025.04790274481,"straight",-0.701549132652378,-0.966829305854372,-0.976063826947994
"97",2133,1965,"Correct",1580,57.83296372,"Dubrovnik",52,"Atypical",101.386238646093,35294.5,1,2,0,954.867690717624,"straight",-0.467599937277875,-0.239867849093246,-0.976063826947994
"98",2133,1481,"Correct",1256,53.55538397,"Barcelona",49,"Atypical",206.168547867984,96301.5,2,1,270,1112.16086411895,"curved",0.179123455817068,-0.928568176551155,-0.0866598724860368
"100",2133,1345,"Correct",1254,62.31792564,"Paris",44,"Typical",101.159598135205,45507.5,0,0,540,886.06348699077,"curved",-0.359333902008502,-0.932819413140402,0.80274408197592
"101",2133,1687,"Correct",1387,62.25036306,"Sydney",52,"Atypical",393.755783617079,117078,2,0,0,1305.46550028429,"cCoM",0.399371108982067,-0.650112179955519,-0.976063826947994
"106",2132,1463,"Correct",1267,54.77774997,"Rom",45,"Typical",-17.7735757413986,-5029,0,0,630,812.552729903199,"straight",-0.881851804516075,-0.69407027534224,0.688375318986574
"107",2132,2887,"Correct",2769,61.9066393,"Beijing",87,"Atypical",67.9940080965887,26036,0,0,694,798.912014857242,"straight",-0.528542421220355,2.34936475639649,0.929524062311555
"108",2132,2456,"Correct",2312,88.08036865,"Salzburg",79,"Typical",614.00765895178,105758.5,3,0,0,1669.48402550654,"cCoM",0.378159890377682,1.42336621478225,-1.68543262311871
"109",2132,2025,"Correct",1793,85.85557028,"Saigon",61,"Atypical",496.383427596664,206392.5,1,0,900,1344.21933853301,"cCoM",1.52269349664137,0.371739862270659,1.70572157988884
"110",2132,1137,"Correct",1051,57.57262228,"Berlin",33,"Typical",92.7748899395087,50556.5,1,0,450,855.496058544006,"curved",-0.24966514025777,-1.13174135846845,0.0101444783850653
"111",2132,1608,"Correct",1488,59.73995605,"Sydney",61,"Atypical",241.308061068166,88993.5,1,0,540,979.573345470572,"curved",0.18748769301883,-0.246267917143665,0.34925989868582
"112",2132,1552,"Correct",1449,58.92657799,"Dubrovnik",63,"Atypical",-67.048444108653,6098.5,2,1,270,830.820281864919,"straight",-0.755296190074642,-0.325291862708119,-0.668086362216444
"113",2132,2057,"Correct",1905,64.27478367,"Rio de Janeiro",84,"Atypical",485.217928748552,36211,3,2,270,2110.12150213618,"dCoM2",-0.412819808149892,0.598680423891656,-0.668086362216444
"114",2132,1784,"Correct",1686,87.58633292,"Las Vegas",65,"Typical",481.76672373278,203377.5,3,1,441,1292.6283694699,"cCoM",1.4884032088372,0.154930575722027,-0.0237670636450102
"115",2132,1568,"Correct",1473,62.71197205,"London",58,"Typical",582.091642129022,227205,2,0,450,1493.33668970562,"cCoM",1.75939884155823,-0.276661742360762,0.0101444783850653
"116",2132,1568,"Correct",1361,53.42241995,"Moscow",44,"Typical",-32.5405327465244,-10722,0,0,720,814.894538872701,"straight",-0.946599601686606,-0.50360230398176,1.02749073928733
"117",2132,1159,"Correct",1031,54.41733979,"Paris",36,"Typical",-58.6224540240835,-25108.5,2,0,0,848.508206831235,"straight",-1.11022057199994,-1.17226645875791,-1.68543262311871
"118",2132,1631,"Correct",1339,56.34837821,"Barcelona",55,"Atypical",80.0706595116391,32841,0,0,450,825.543873291034,"straight",-0.451147592528021,-0.54817991430017,0.0101444783850653
"119",2131,2250,"Correct",2117,58.01169596,"Las Vegas",161,"Typical",92.7739993463017,58442.5,1,1,980,984.092579964193,"straight",6.03453679203208e-05,-0.312021219044825,0.24238938748063
"120",2131,1677,"Correct",1665,59.23484504,"Moscow",143,"Typical",-17.7305260449848,-6514.5,1,1,759,895.001802751226,"straight",-0.380224004124541,-0.630436759702587,-0.141716906083545
"121",2131,2442,"Correct",2273,61.08399499,"Dubrovnik",178,"Atypical",54.1608402641507,28323,0,0,1363,863.298651285083,"straight",-0.176271296557325,-0.202125589968253,0.908057760490037
"122",2131,1812,"Correct",1656,87.90889772,"London",185,"Typical",758.767656603955,354478,2,2,575,1833.82422195017,"dCoM",1.73317098077558,-0.636776892149312,-0.461515811132451
"123",2131,6514,"Correct",6446,45.11730692,"Barcelona",309,"Atypical",-131.689559674099,-84859.5,2,0,2004,1076.43692918482,"straight",-0.838887079097012,2.73758248783007,2.02213981557889
"124",2131,3352,"Correct",3340,47.98227726,"Ottawa",242,"Atypical",-103.485188469837,-52817,0,0,1541,971.050325836242,"straight",-0.651297423346098,0.549532334549074,1.21742844037431
"125",2131,2082,"Correct",1948,80.9092629,"Berlin",195,"Typical",726.464799177494,427043,3,3,496,1863.2169679362,"dCoM",2.15799561585603,-0.431074817211112,-0.598820775800188
"127",2131,2116,"Correct",1825,48.05009606,"Rom",127,"Typical",-159.546099736611,-65978,1,0,1195,1025.46645298751,"straight",-0.728347199716162,-0.517723293983025,0.616067455880167
"128",2131,1946,"Correct",1677,55.1350496,"Beijing",127,"Atypical",33.2254405250712,17548,0,2,114,903.290199160122,"straight",-0.239352471269539,-0.62198324977362,-1.26275111128216
"129",2131,2407,"Correct",2217,55.03320301,"Paris",239,"Typical",-155.691244154315,-18749.5,2,0,928,998.44630280098,"straight",-0.451852604830242,-0.241575302970099,0.152011436053765
"131",2131,1756,"Correct",1611,61.18311078,"Saigon",152,"Atypical",42.1181061653269,18106.5,2,1,191,841.309445870004,"straight",-0.236082788106962,-0.668477554382939,-1.1289222216693
"132",2128,1320,"Correct",1306,52.54301323,"Beijing",38,"Atypical",-85.4860252189479,-34026.5,1,1,360,1144.04167795225,"straight",-0.920675666433271,-0.0752144366918221,0.487755025034105
"133",2128,1552,"Correct",1424,51.68788866,"London",60,"Typical",890.445953996697,378458,2,2,443,2451.06126090721,"dCoM",1.24101871266153,0.360383282554068,0.848813371324679
"134",2128,1160,"Correct",1091,57.6980022,"Sydney",38,"Atypical",-213.554132635758,-53063,2,0,460,1415.66988561121,"straight",-1.02043964555888,-0.868888247182214,0.922765080805881
"135",2128,1391,"Correct",1312,56.09895475,"Paris",54,"Typical",889.948553426357,424081.5,2,2,0,2139.75206263643,"dCoM",1.48011633573496,-0.0530654001199971,-1.07828117574429
"136",2128,1161,"Correct",993,48.68457398,"Berlin",40,"Typical",-177.453704318387,-8445.5,1,1,180,1228.51518289969,"straight",-0.786614134638442,-1.23065584452202,-0.295263075355093
"138",2128,1560,"Correct",1310,79.6947717,"Dubrovnik",48,"Atypical",625.13906806032,165294.5,2,3,0,2340.30071606146,"dCoM2",0.123899548721614,-0.0604484123106055,-1.07828117574429
"139",2128,1383,"Correct",1271,54.87216875,"Moscow",38,"Typical",53.0885709848134,14455.5,3,1,540,937.000409965477,"straight",-0.666597593469865,-0.204417150027467,1.2707731254233
"140",2127,1853,"Correct",1849,70.22945948,"Paris",22,"Typical",0.863174219882885,600,0,0,0,1390.23026878653,"curved",0.203295962477252,-0.525072856377688,NA
"141",2127,2635,"Correct",2628,71.31794421,"Beijing",31,"Atypical",-6.67183755947963,-4553,1,0,0,1366.13791508098,"curved",-1.27041029713487,0.660182881432277,NA
"142",2127,1739,"Correct",1734,76.16403225,"Berlin",21,"Typical",-1.15674760794263,-788.5,0,0,0,1363.3566347754,"curved",-0.193801095832749,-0.700046424860545,NA
"143",2127,3731,"Correct",3727,72.10337593,"Salzburg",43,"Typical",4.94279629420468,3382.5,0,0,0,1369.03381260449,"curved",0.9990630238727,2.33232159241193,NA
"144",2127,2267,"Correct",2260,72.5709537,"Dubrovnik",27,"Atypical",3.46372669270731,2312.5,0,1,0,1339.87835276474,"curved",0.693053767558907,0.100267462287133,NA
"145",2127,1820,"Correct",1817,72.62144241,"Las Vegas",22,"Typical",6.24584390205124,4240,0,0,0,1358.84886295398,"curved",1.24429941386249,-0.573761153694657,NA
"146",2127,1713,"Correct",1709,75.37293199,"London",20,"Typical",1.30890993564137,891,0,0,0,1361.44987690699,"curved",0.286519040596237,-0.738084157139428,NA
"147",2127,1451,"Correct",1444,75.17429991,"Rom",18,"Typical",-4.33078783654542,-2968,1,1,0,1379.24396395645,"curved",-0.81711621184762,-1.14128411929558,NA
"148",2127,2403,"Correct",2399,71.55501689,"Saigon",28,"Atypical",3.05931150999042,2080,0,0,0,1359.89218867239,"curved",0.626561102051471,0.311757253757718,NA
"149",2127,2382,"Correct",2374,73.32935839,"Moscow",28,"Typical",-9.10626698556899,-6305,1,0,0,1386.25708241547,"curved",-1.77146470560381,0.273719521478836,NA
"150",2126,1868,"Correct",1771,84.65282274,"Barcelona",62,"Atypical",889.372601067411,307432.5,2,3,450,2068.70531037613,"dCoM",0.639104628036859,0.421114074330676,-0.0253450838876431
"151",2126,1567,"Correct",1266,63.99807139,"Saigon",55,"Atypical",32.4934452732076,3733,0,0,450,803.143614132557,"straight",-1.408622265222,-0.345237664541365,-0.0253450838876431
"152",2126,1362,"Correct",1249,67.71006547,"Las Vegas",46,"Typical",769.169153536173,279719,2,2,450,1791.09367522838,"dCoM",0.452243341612847,-0.371035643869731,-0.0253450838876431
"153",2126,3503,"Correct",3376,68.89644681,"Salzburg",130,"Typical",755.537893611069,321715,1,2,1170,1768.53344944088,"dCoM",0.735405936906217,2.85674682856756,2.40778296932609
"154",2126,1401,"Correct",1163,58.77116773,"Beijing",42,"Atypical",-61.5286443403338,-22443.5,2,0,540,828.577346588548,"straight",-1.5851201620621,-0.501543068707346,0.278795922764074
"156",2126,1364,"Correct",1184,78.02700701,"Moscow",39,"Typical",727.322639822984,347802.5,3,3,0,1702.42429094418,"dCoM",0.911303741571324,-0.469674976595835,-1.54605011714623
"157",2126,1815,"Correct",1729,85.75202098,"Ottawa",63,"Atypical",580.1425147153,284977.5,2,1,630,1519.67474120341,"cCoM",0.487699349502889,0.357377890107655,0.582936929415791
"158",2126,1365,"Correct",1292,55.5988107,"London",50,"Typical",345.731241782398,167331,3,0,450,1254.21028706069,"cCoM",-0.30554496584099,-0.305781931450923,-0.0253450838876431
"159",2126,1119,"Correct",1024,53.67920153,"Paris",37,"Typical",59.2404942450226,24362,0,0,450,861.750220652775,"straight",-1.2695289901885,-0.712479487921631,-0.0253450838876431
"161",2126,1072,"Correct",855,54.71755926,"Berlin",32,"Typical",808.243869343621,405285,1,0,450,1917.10766746483,"dCoM",1.29888574661826,-0.968941753009502,-0.0253450838876431
"163",2125,3026,"Correct",2865,57.02451084,"Las Vegas",92,"Typical",297.775325861306,75750,3,0,810,1332.15413181368,"straight",-0.359977673881882,0.526589462373505,0.640143108222049
"164",2125,1798,"Correct",1633,50.22854867,"Moscow",44,"Typical",21.0285769132613,5622.5,0,1,990,908.806501266961,"straight",-0.77541437605775,-0.882053229736851,1.03475187356441
"165",2125,2683,"Correct",2519,59.78105043,"London",106,"Typical",280.088700660219,125468.5,2,2,180,1180.84378639872,"curved",-0.0654442928668604,0.130980394621733,-0.740987570476207
"166",2125,2413,"Correct",2254,58.43330147,"Barcelona",84,"Atypical",157.497410892451,77326.5,3,3,810,999.305979728008,"curved",-0.350638456585097,-0.172014989639017,0.640143108222049
"167",2125,2633,"Correct",2443,46.56373828,"Sydney",71,"Atypical",-42.7780594965024,-20732,2,1,180,1106.75717153807,"straight",-0.931538957249064,0.0440836051733672,-0.740987570476207
"168",2125,1579,"Correct",1371,50.75720994,"Berlin",60,"Typical",125.784691693868,44675,2,2,0,973.726537446863,"straight",-0.544066590784881,-1.18161847757201,-1.13559633581857
"169",2125,1543,"Correct",1301,56.61397688,"Paris",55,"Typical",170.796649439976,97553,1,0,360,1029.78097660952,"straight",-0.230816269047252,-1.26165499416919,-0.346378805133848
"171",2124,872,"Correct",729,55.47982236,"Paris",37,"Typical",-175.459982854826,-104956.5,0,0,0,1090.02954081226,"straight",-0.916063771709107,-1.72063765188953,-0.675423670352646
"172",2124,1312,"Correct",1179,48.98552908,"Salzburg",45,"Typical",-82.9851603586471,-61703.5,1,2,360,1142.79672482237,"straight",-0.770572784207491,-0.335508951799568,0.370393625677257
"173",2124,1337,"Correct",1104,57.28791778,"Beijing",31,"Atypical",53.7882056386889,35092,0,0,720,979.552642605885,"straight",-0.444979810755644,-0.566363735147895,1.41621092170716
"174",2124,1208,"Correct",1069,53.01880365,"Rom",37,"Typical",-96.0434195823351,-57427,2,0,0,1047.12636116618,"straight",-0.756187835000484,-0.674095967377114,-0.675423670352646
"175",2124,2096,"Correct",1672,88.70446784,"Rio de Janeiro",74,"Atypical",981.133408632488,448551.5,3,3,180,2450.28821803098,"dCoM",0.945782239204467,1.18197649074343,-0.152515022337694
"176",2124,1800,"Correct",1627,54.79988411,"Las Vegas",40,"Typical",24.121999272017,9632.5,0,2,0,1022.50300713116,"straight",-0.530618443828434,1.04346362073444,-0.675423670352646
"177",2124,1584,"Correct",1462,59.30688841,"London",46,"Typical",1087.12370349236,717424,2,2,0,2702.09835322458,"dCoM",1.85019408432569,0.535583097368118,-0.675423670352646
"178",2124,1592,"Correct",1476,52.24614889,"Saigon",35,"Atypical",57.1487293279727,42018,1,0,990,1061.24090171155,"straight",-0.421682685020176,0.578675990259805,2.20057389372959
"179",2124,1944,"Correct",1808,65.28739543,"Ottawa",77,"Atypical",817.115555588701,-47187.5,3,3,0,3461.44876956089,"dCoM2",-0.721745022559201,1.6005931645484,-0.675423670352646
"180",2124,1256,"Correct",1066,79.81907057,"Moscow",46,"Typical",934.200378269035,636567,1,1,0,2338.4110294,"dCoM",1.5782137644307,-0.683330158711047,-0.675423670352646
"181",2124,1480,"Correct",1303,63.51138948,"Barcelona",50,"Atypical",913.590299850338,404525.5,2,1,540,2431.09887121245,"dCoM",0.797691096029515,0.0461709566696653,0.893302273692209
"182",2124,1104,"Correct",961,48.95602066,"Berlin",35,"Typical",-96.4024795661839,-13976,2,0,0,1113.77877275313,"straight",-0.610030830909837,-1.0065268553987,-0.675423670352646
"183",2123,1111,"Correct",1050,51.76994703,"London",37,"Typical",14.0790791818952,8435.5,0,2,450,1018.64430623834,"straight",-1.05080663112435,-0.529293432310228,1.46737617124353
"184",2123,920,"Correct",846,56.22706331,"Berlin",30,"Typical",40.8062036746939,18099.5,0,0,0,982.820464822345,"straight",-0.999456085111087,-0.813848885617404,-0.713858677902256
"185",2123,1184,"Correct",1156,59.56269012,"Moscow",38,"Typical",756.454372461803,381058,1,1,0,1815.15460708376,"dCoM",0.929157031109511,-0.381436186964343,-0.713858677902256
"186",2123,1879,"Correct",1810,88.92957561,"Saigon",69,"Atypical",1001.39136536876,433112.5,2,2,0,2304.95664370315,"dCoM",1.20575336776592,0.530815119226309,-0.713858677902256
"187",2123,1040,"Correct",738,48.41044974,"Las Vegas",30,"Typical",127.349647935701,82745,0,1,0,1125.84966507719,"straight",-0.655956320800185,-0.964495890309438,-0.713858677902256
"188",2123,1338,"Correct",1273,56.0326896,"Paris",36,"Typical",803.370299748113,421119,2,2,360,1982.30076602841,"dCoM",1.14202481089401,-0.218235265214639,1.03112920141437
"189",2123,2576,"Correct",2528,69.86154275,"Rio de Janeiro",86,"Atypical",1016.41843840344,478714.5,1,1,360,2397.74714984426,"dCoM",1.44806375676602,1.53233872449372,1.03112920141437
"191",2123,1055,"Correct",988,51.31429828,"Rom",33,"Typical",337.898312253399,206013,1,1,0,1320.14043954737,"curved",-0.000960552385116112,-0.61577597204084,-0.713858677902256
"192",2123,1255,"Correct",1186,48.68283638,"Salzburg",30,"Typical",57.1147592385429,39989,1,2,450,1131.30915886436,"straight",-0.883144229051756,-0.339589796772111,1.46737617124353
"193",2123,1249,"Correct",1169,54.25295433,"Dubrovnik",32,"Atypical",38.6282751173876,23600,0,0,0,1016.79891017026,"straight",-0.970228676341844,-0.363302751214376,-0.713858677902256
"195",2122,1640,"Correct",1365,80.81865289,"Rio de Janeiro",56,"Atypical",565.02646148429,41127.5,2,0,180,2101.79918010996,"dCoM2",-0.942865770948332,0.778971369827298,-0.286122925324354
"196",2122,1599,"Correct",1505,41.86698396,"Beijing",59,"Atypical",334.04527009713,90142,2,0,450,1173.02687197892,"curved",-0.323671100734961,1.3492561216719,1.15682458600967
"197",2122,1247,"Correct",1195,60.52132183,"Salzburg",52,"Typical",606.482049208569,146138.5,1,0,270,1395.46815860024,"cCoM",0.383726390835962,0.0864827425874234,0.194859578453655
"198",2122,1199,"Correct",1095,61.34637404,"Paris",49,"Typical",596.313991374535,192420,1,0,360,1458.42393285479,"cCoM",0.968395379185943,-0.32086350873015,0.675842082231664
"199",2122,1176,"Correct",1008,73.91966168,"Moscow",43,"Typical",696.599742605857,197679.5,1,2,0,1568.13158932962,"dCoM",1.03483805161935,-0.675254747376438,-1.24808793288037
"200",2122,1504,"Correct",1178,50.07844249,"Saigon",45,"Atypical",64.3440078241029,26708,1,2,270,762.030150137658,"straight",-1.125025693974,0.017233879863436,0.194859578453655
"201",2122,847,"Correct",605,44.81439259,"Berlin",18,"Typical",19.4300052597801,7345,0,2,0,729.795134623494,"straight",-1.3696362969454,-2.31686014018626,-1.24808793288037
"202",2122,1618,"Correct",1460,77.45798148,"Barcelona",53,"Atypical",581.05607636214,219055,1,3,540,1422.91797855551,"cCoM",1.30487234092447,1.16595030857899,1.63780708978768
"203",2122,1094,"Correct",986,53.10883838,"Dubrovnik",41,"Atypical",113.092247757476,42577.5,2,3,0,733.563452458954,"straight",-0.92454808390043,-0.764870922666304,-1.24808793288037
"204",2122,1296,"Correct",1062,86.33707936,"Las Vegas",41,"Typical",577.447868002495,206881.5,2,1,270,1442.08151594783,"cCoM",1.15108588349162,-0.455287771664949,0.194859578453655
"205",2122,1375,"Correct",1252,48.88762917,"Sydney",56,"Atypical",280.210846349537,81698,2,0,270,1056.09520899034,"curved",-0.430343203791847,0.31867010583844,0.194859578453655
"207",2121,1703,"Correct",1690,78.5559979,"Rom",20,"Typical",-5.41258960839254,-3573,0,0,0,1320.54270843072,"curved",-0.570596203094418,-0.575352159189912,NA
"208",2121,2814,"Correct",2807,73.58805614,"Ottawa",33,"Atypical",8.7199949970532,5890,0,0,0,1352.33843197646,"curved",0.871630317347494,0.292415005021716,NA
"209",2121,1800,"Correct",1791,77.70550045,"Paris",21,"Typical",-9.68763514782044,-6346,0,0,0,1310.87489193537,"curved",-0.993220544337725,-0.496887984091099,NA
"210",2121,4375,"Correct",4360,73.45040502,"Las Vegas",50,"Typical",18.2480716897105,12288,0,1,0,1370.56023493567,"curved",1.84672968095178,1.49889880629357,NA
"211",2121,2031,"Correct",2020,75.49278682,"Barcelona",24,"Atypical",1.87338087151798,1265,0,0,0,1350.55478541582,"curved",0.166748392266247,-0.318984062332403,NA
"212",2121,1590,"Correct",1587,74.36843097,"Berlin",19,"Typical",-2.31487702516111,-1581,0,0,0,1366.01319226984,"curved",-0.26700165287564,-0.655370080330286,NA
"213",2121,1911,"Correct",1896,74.4276924,"London",23,"Typical",-0.0626296696293715,-42,0,0,0,1341.21753096595,"curved",-0.0324474295891454,-0.415316316909164,NA
"214",2121,5133,"Correct",5118,73.09704659,"Dubrovnik",58,"Atypical",-12.5857924294902,-8652,1,0,0,1377.58831059536,"curved",-1.34467086201067,2.08776855604506,NA
"215",2121,1672,"Correct",1657,76.30155233,"Salzburg",20,"Typical",10.6373282679498,7020,0,0,0,1322.23734631828,"curved",1.0438501174214,-0.600988968875663,NA
"216",2121,1387,"Correct",1380,77.57647118,"Moscow",17,"Typical",-6.74370850555345,-4560,0,0,0,1353.10748994925,"curved",-0.721021816079324,-0.816182795631814,NA
"222",2119,2214,"Correct",1739,52.79252376,"Beijing",54,"Atypical",497.87910087181,-45777.5,3,2,450,2093.20374698541,"cCoM",-1.66092633116977,-0.343321820387277,2.84604989415154
"223",2119,1644,"Correct",1168,53.84067717,"Paris",36,"Typical",205.459857101916,82424.5,1,1,0,808.190590372958,"curved",0.0315324441728254,-1.15946153496319,-0.316227766016838
"225",2119,1748,"Correct",1258,49.75699125,"London",38,"Typical",30.9307679708943,4444,1,2,0,693.011174598618,"straight",-0.997927170580479,-1.03082305105455,-0.316227766016838
"228",2118,1442,"Correct",1269,49.85239927,"London",40,"Typical",-164.718430513541,-78994,2,0,0,924.550061095384,"straight",-1.29226415237501,-0.987274562753711,-0.316227766016838
"229",2118,1367,"Correct",1253,59.97798929,"Beijing",37,"Atypical",192.596891471454,82003.5,1,0,0,923.343559205926,"curved",-0.469759742399163,-1.00613592753468,-0.316227766016838
"236",2118,1734,"Correct",1564,56.03217176,"Moscow",44,"Typical",184.03042735105,80795.5,1,2,0,916.910135347608,"curved",-0.475931175665213,-0.639518149604643,-0.316227766016838
"237",2117,1608,"Correct",1554,88.49341207,"Salzburg",144,"Typical",1031.73501345679,459211.5,3,3,0,2470.77622677751,"dCoM",1.01535410055101,0.191920528454573,-0.349087630510983
"244",2117,1461,"Correct",1129,62.07661571,"Beijing",131,"Atypical",155.320980596284,85965.5,2,3,16,1228.97548981556,"curved",-0.650532240222729,-0.58490065814727,0.387448908589113
"245",2117,1242,"Correct",1121,69.31543592,"Moscow",117,"Typical",490.480559833815,238043.5,3,0,0,1624.89894061126,"cCoM",0.0282283169759786,-0.599523174600951,-0.349087630510983
"247",2117,2422,"Correct",1395,54.48492044,"Dubrovnik",129,"Atypical",-32.0256264038955,1175,2,0,0,1183.83585177981,"straight",-1.02897256048705,-0.0987019860623518,-0.349087630510983
"248",2117,1247,"Correct",1179,68.27591104,"Rom",108,"Typical",627.50673900677,237114,1,2,0,1823.61668695108,"cCoM",0.0240797357353245,-0.493509930311759,-0.349087630510983
"249",2116,1251,"Correct",1155,50.14691324,"London",141,"Typical",73.6990762677955,27794,1,0,522,894.585533557972,"straight",-0.416382039610702,-0.810760097284814,0.277887250374838
"251",2116,1367,"Correct",1280,58.02020873,"Moscow",127,"Typical",-71.0307095242099,-28741,0,0,521,768.268184134367,"straight",-0.844852833000138,-0.645231290162557,0.27160731251326
"252",2116,1279,"Correct",1137,46.66504211,"Beijing",175,"Atypical",-92.4047635871853,-58959.5,1,0,252,858.074565509814,"straight",-1.0738745835978,-0.834596245510419,-1.41769597225129
"253",2116,1883,"Correct",1828,82.52379124,"Las Vegas",174,"Typical",667.403726684444,247133.5,1,3,614,1585.36967511241,"dCoM",1.24596110333866,0.0804470002614168,0.855641533640039
"255",2116,2019,"Correct",1825,86.85833395,"Saigon",205,"Atypical",583.623753218172,146473.5,2,2,701,1488.35869112685,"cCoM",0.483073156711251,0.0764743088904827,1.40199612759735
"256",2116,1476,"Correct",1338,78.56789008,"Berlin",162,"Typical",465.22618264063,80864,2,2,433,1356.74388633361,"curved",-0.0141719926455056,-0.56842592365783,-0.281027219305628
"257",2115,2288,"Correct",2183,73.22116792,"Beijing",59,"Atypical",656.941107111429,397196,2,1,1080,1801.92922015497,"cCoM",1.18180550273775,0.00135835094254361,1.63409428376959
"261",2115,4925,"Correct",4848,70.0903957,"Salzburg",170,"Typical",957.905043437698,308835,2,3,1260,2393.40103378727,"dCoM",0.747504780894325,2.65602887632004,2.0196867854814
"262",2115,2931,"Correct",2827,88.21834518,"Barcelona",57,"Atypical",859.18648106173,464012.5,2,2,0,2290.08674293224,"dCoM",1.51021344494134,0.642862222741083,-0.679460726501262
"265",2115,1432,"Correct",1357,47.28403245,"London",35,"Typical",-60.3557120230002,-7696.5,1,3,630,1213.51333781074,"straight",-0.808270492542858,-0.8214400933208,0.670113029490067
"266",2115,1764,"Correct",1650,84.62393256,"Las Vegas",54,"Typical",901.901618981276,425136.5,3,3,0,2135.53244936438,"dCoM",1.31913508613616,-0.529575754132955,-0.679460726501262
"267",2115,1496,"Correct",1330,55.38037346,"Paris",44,"Typical",257.118319207624,170189,3,2,0,1154.33184367315,"curved",0.066049638006582,-0.848335441983161,-0.679460726501262
"268",2114,2539,"Correct",2258,62.23862495,"London",148,"Typical",296.590497779837,91666,2,1,1006,1148.38323512519,"curved",-0.559421202892768,-0.456730113595075,-0.0115721854772495
"269",2114,2676,"Correct",2429,66.22727772,"Rom",268,"Typical",151.271925451743,39945,2,0,556,898.670386654949,"curved",-1.16097580780492,-0.408200174018796,-0.867596864616245
"271",2114,3561,"Correct",3330,74.79508766,"Sydney",398,"Atypical",670.688626993719,228710.5,3,3,737,1824.05892372885,"dCoM",1.03451066332954,-0.152495638590568,-0.523284715895894
"274",2114,2931,"Correct",2710,59.93612938,"Ottawa",285,"Atypical",-82.9487075906383,13604,1,2,1401,915.999965385982,"straight",-1.467341691063,-0.328452144656607,0.739827255100313
"275",2114,3820,"Correct",3575,78.18654247,"Salzburg",231,"Typical",287.620195864072,152900,1,0,744,1106.72063868257,"curved",0.15277683421384,-0.0829644386128584,-0.50996877644262
"276",2114,2577,"Correct",2338,75.80831746,"Paris",255,"Typical",441.720185330513,100546,2,2,1003,1400.5457773713,"cCoM",-0.456140042597724,-0.434026048296231,-0.0172790166715094
"277",2114,4167,"Correct",3952,78.7296432,"Moscow",257,"Typical",672.782870616749,266606,2,3,2467,1846.86137722815,"cCoM",1.47526417796476,0.024028469107943,2.76765460612736
"280",2113,3577,"Correct",3352,51.34637778,"Salzburg",55,"Typical",28.1891552607613,12548.5,1,1,1260,774.825807074089,"straight",-0.587714937871731,0.818697066205753,-0.0296463530640786
"282",2113,1804,"Correct",1521,50.39728109,"Berlin",38,"Typical",21.9658781205529,9740.5,0,0,990,713.801418083583,"straight",-0.607833083363094,-0.689082382821338,-0.474341649025257
"283",2113,1824,"Correct",1759,51.29684152,"Rio de Janeiro",45,"Atypical",37.5265483018306,16947.5,1,1,990,807.573392825218,"straight",-0.556197942851607,-0.493095758644141,-0.474341649025257
"284",2113,1634,"Correct",1442,44.20536282,"Paris",42,"Typical",-52.7463256449854,-27576.5,0,0,900,806.672192009505,"straight",-0.875193779695431,-0.754136766476795,-0.62257341434565
"285",2113,1883,"Correct",1773,42.86485794,"Las Vegas",31,"Typical",58.0039006256742,33957,1,1,1260,873.100951712949,"straight",-0.434331989954406,-0.481567133692542,-0.0296463530640786
"286",2113,1825,"Correct",1683,47.36508672,"London",46,"Typical",33.2832074047516,16483,1,1,810,865.841843961093,"straight",-0.559525891064121,-0.555679722667112,-0.770805179666042
"287",2113,1579,"Correct",1265,52.08676817,"Rom",34,"Typical",550.770283949242,229712.5,1,0,810,1428.48187884495,"cCoM",0.968174288441091,-0.89989152479345,-0.770805179666042
"289",2113,4010,"Correct",3901,47.44653387,"Beijing",64,"Atypical",31.5564910092477,12324,2,2,2520,850.234727924789,"straight",-0.589323386469598,1.27078385895063,2.04559836142142
"290",2112,1597,"Correct",1395,52.30333731,"Berlin",47,"Typical",-39.0811845025048,-18601,0,0,720,1079.76849499029,"straight",-0.289475234082628,-1.04709448301662,-0.453333333333333
"291",2112,1624,"Correct",1394,41.84991138,"Barcelona",37,"Atypical",-81.3911843618912,-47353,0,2,0,1322.2446231728,"straight",-1.51109919743882,-1.05305894526166,-2.37333333333333
"292",2112,1786,"Correct",1557,44.91785949,"London",51,"Typical",-93.6775126274615,-27467.5,0,0,900,1203.29454071255,"straight",-0.666197857590479,-0.0808515993215374,0.0266666666666667
"293",2112,2096,"Correct",1914,48.11513089,"Rio de Janeiro",50,"Atypical",-19.5134717376696,-8787.5,0,0,1260,1088.95570744181,"straight",0.127483821440328,2.04846142215467,0.986666666666667
"294",2112,1876,"Correct",1621,39.81195651,"Sydney",40,"Atypical",-56.8444662475252,-14842.5,0,1,1170,1339.62607969595,"straight",-0.129782911243373,0.300873984360472,0.746666666666667
"295",2112,1847,"Correct",1612,36.2897288,"Las Vegas",40,"Typical",49.7612452883939,25649,0,0,1170,1385.10230480628,"straight",1.59063259766861,0.24719382415519,0.746666666666667
"296",2112,1903,"Correct",1703,46.35980144,"Paris",58,"Typical",29.1828553446693,11754.5,0,0,900,1145.87470219804,"straight",1.00027873849872,0.789959888453047,0.0266666666666667
"297",2112,1740,"Correct",1505,38.52821116,"Salzburg",37,"Typical",42.5126983832311,7946,1,1,990,1353.30352002398,"straight",0.838462000030371,-0.39100363606317,0.266666666666667
"298",2112,1630,"Correct",1434,51.85913205,"Moscow",43,"Typical",-66.5938419425345,-34389.5,0,0,900,1072.52002848026,"straight",-0.960301957282729,-0.8144804554604,0.0266666666666667
"299",2111,3066,"Correct",2472,38.75468977,"Beijing",63,"Atypical",-98.5899217248155,-28614.5,1,1,1530,1104.63411575374,"straight",-0.719657372005345,-0.345972924140955,0.244701135968388
"300",2111,3832,"Correct",3211,72.04710752,"Rom",85,"Typical",538.926394752863,195670,3,3,1080,1424.55567383166,"cCoM",1.27868803893499,-0.279967763251429,-0.652536362582369
"301",2111,3426,"Correct",2799,59.83180159,"London",77,"Typical",724.974943069149,218056.5,2,3,1170,1895.92300162784,"cCoM",1.4781488110437,-0.316766310323804,-0.473088862872218
"302",2111,2001,"Correct",1195,52.42783992,"Paris",25,"Typical",41.1557720855271,20080.5,0,0,990,732.107948439012,"straight",-0.285791323367388,-0.460030556692952,-0.831983862292521
"303",2111,3950,"Correct",3399,46.93343203,"Rio de Janeiro",79,"Atypical",-78.5022967493774,-17708.5,0,0,810,768.40737568513,"straight",-0.622486345689592,-0.263176193228113,-1.19087886171282
"305",2111,4237,"Correct",3817,52.5681554,"Ottawa",74,"Atypical",-22.5614905157957,2404.5,3,2,1890,728.1196299408,"straight",-0.443282159710432,-0.225841744984781,0.962491134808995
"306",2111,3570,"Correct",2987,67.45369599,"Berlin",96,"Typical",676.487725541049,103575,1,2,810,1828.14132541248,"dCoM",0.458133695587368,-0.299974740300487,-1.19087886171282
"307",2111,4489,"Correct",4066,40.75597578,"Barcelona",97,"Atypical",-166.794147212916,-70313.5,3,0,1980,887.392124393751,"straight",-1.09118998032559,-0.203601846390069,1.14193863451915
"308",2111,3798,"Correct",3066,38.92829658,"Las Vegas",74,"Typical",-97.834010187797,-49847,1,2,1530,991.556800958322,"straight",-0.908836155816935,-0.292918708216221,0.244701135968388
"309",2111,3377,"Correct",2762,46.85398364,"Moscow",63,"Typical",-58.3314097484658,-22823.5,0,0,1350,759.465014551287,"straight",-0.668060323280375,-0.320071034211371,-0.114193863451915
"310",2110,1643,"Correct",1582,49.25255235,"London",38,"Typical",22.2291430976602,4726.5,2,0,0,772.043522608495,"straight",-0.362678137594618,-0.755169671128574,-0.377964473009227
"311",2110,1593,"Correct",1343,48.60052625,"Rom",34,"Typical",54.3215487854285,26877.5,0,0,0,768.748895010841,"straight",-0.0486819010244427,-1.10777889797705,-0.377964473009227
"312",2110,2822,"Correct",2706,79.69593902,"Sydney",83,"Atypical",550.637542160589,188325.5,1,2,810,1422.99861511113,"cCoM",2.2398858567193,0.903126441748798,2.26778683805536
"314",2110,2148,"Correct",1994,47.18602477,"Berlin",58,"Typical",-5.34289247761193,-303.5,1,1,0,860.826555524835,"straight",-0.433979707273096,-0.147324476728683,-0.377964473009227
"315",2110,1877,"Correct",1688,45.42263273,"Moscow",50,"Typical",-15.4176425023925,799,0,0,0,783.800636837084,"straight",-0.418351480519513,-0.598782315287826,-0.377964473009227
"316",2110,2176,"Correct",2075,41.92823877,"Paris",67,"Typical",-25.0293625968098,656,0,0,0,847.920978289992,"straight",-0.420378543037212,-0.027820931227734,-0.377964473009227
"319",2109,3590,"Correct",3041,58.16581633,"Barcelona",81,"Atypical",544.621633866174,227604,3,2,1440,1559.02031024727,"cCoM",0.983047570786391,0.00619517275378353,0.487660021568127
"320",2109,4329,"Correct",3922,81.75043527,"Salzburg",65,"Typical",660.191533699135,291617,2,1,2070,1583.86596438649,"cCoM",1.444626290631,0.889098395649633,1.4035093303668
"321",2109,3118,"Correct",2750,46.07054701,"Moscow",61,"Typical",43.2189330984336,-3574,1,1,1080,915.51681695777,"straight",-0.683908286558774,-0.285433474082417,-0.0356824406025458
"322",2109,3148,"Correct",2788,45.53998903,"Las Vegas",57,"Typical",-37.7422237530236,-15591,1,1,1080,887.159812615756,"straight",-0.770559302389505,-0.247351382742982,-0.0356824406025458
"323",2109,3690,"Correct",3272,60.69169519,"Beijing",82,"Atypical",584.951327853435,238060,2,2,1710,1810.05670892383,"cCoM",1.05844267950954,0.237694201685613,0.880166868196132
"324",2109,2340,"Correct",1939,44.19661995,"Paris",52,"Typical",-137.967457436626,-76368.5,3,0,990,883.729544752027,"straight",-1.20880779324848,-1.09818547608983,-0.166518056145214
"325",2109,3340,"Correct",2881,50.53038597,"London",89,"Typical",510.894112268777,244040,2,2,990,1566.76402179219,"cCoM",1.10156268239444,-0.154150474991206,-0.166518056145214
"326",2109,4124,"Correct",3647,59.57491819,"Rio de Janeiro",80,"Atypical",424.516285119773,149418.5,3,1,1980,1436.77339870463,"cCoM",0.419275165174869,0.613504313587932,1.27267371482414
"327",2109,2116,"Correct",1727,50.50204051,"Rom",47,"Typical",88.3989414614405,-27102.5,2,0,810,881.714190097765,"straight",-0.853565307942927,-1.31064345935194,-0.42818928723055
"329",2108,2279,"Correct",2202,84.28729722,"Moscow",67,"Typical",607.242764338658,250309.5,1,3,1367,1461.52755153016,"cCoM",0.769031639817268,-0.592664674118543,1.23296204046671
"330",2108,1947,"Correct",1828,60.47903411,"Paris",62,"Typical",380.329969526401,156417,1,0,990,1137.0590214157,"cCoM",0.0163133173663336,-0.67061213213765,0.438537391149668
"331",2108,1877,"Correct",1781,82.67574478,"Berlin",51,"Typical",661.126226393193,278730,2,1,720,1650.58723401,"cCoM",0.996873385251853,-0.680407668305827,-0.130413949210019
"333",2108,2294,"Correct",2179,62.29983494,"Beijing",68,"Atypical",145.658622300696,55727.5,0,0,900,858.476343422496,"curved",-0.79089526189637,-0.597458234371055,0.248886944363106
"335",2108,1782,"Correct",1698,61.84737031,"Rom",55,"Typical",105.415611591432,49963,0,0,990,780.226356038403,"curved",-0.837108162498318,-0.6977061683475,0.438537391149668
"336",2108,1877,"Correct",1754,65.35860683,"Dubrovnik",41,"Atypical",417.231492550212,216794.5,1,1,0,1234.40906898867,"cCoM",0.500348256405994,-0.686034891210949,-1.64761752350252
"337",2107,1897,"Correct",1732,50.66340868,"London",51,"Typical",169.140323824294,47224,2,2,0,1164.37180338792,"straight",-0.460158500194033,0.271721858660924,-0.659471637039676
"338",2107,1856,"Correct",1534,65.78679491,"Rom",44,"Typical",811.116615600339,533927.5,2,3,0,2182.62631114732,"dCoM",1.694454913174,-0.274480456210781,-0.659471637039676
"339",2107,2639,"Correct",2386,52.88193895,"Ottawa",48,"Atypical",80.1328681945853,49443,2,0,1710,1104.1500973126,"straight",-0.45033509197062,2.07584465626746,2.60921386828742
"340",2107,1915,"Correct",1800,50.17729975,"Las Vegas",53,"Typical",-121.134866153308,-65483,1,1,630,1105.95006791492,"straight",-0.959107067402756,0.459306492051206,0.544780917554515
"341",2107,1736,"Correct",1654,52.22850049,"Moscow",46,"Typical",-68.5488131292264,-40289.5,2,0,0,1082.64599560253,"straight",-0.847576632487684,0.0565512497720704,-0.659471637039676
"343",2107,2095,"Correct",1846,60.95543223,"Salzburg",65,"Typical",675.956891461542,285856,2,0,630,1940.15873727601,"cCoM",0.596254096096809,0.586201979344632,0.544780917554515
"344",2107,1616,"Correct",1101,51.33367333,"Beijing",25,"Atypical",-14.5024650907266,-10443,0,2,0,1078.53162630147,"straight",-0.715447586277643,-1.4689531952989,-0.659471637039676
"345",2107,1940,"Correct",1720,63.03460289,"Sydney",59,"Atypical",871.771138730466,386231,3,3,0,2348.18749154337,"dCoM",1.04060948159705,0.238618688062638,-0.659471637039676
"346",2107,1520,"Correct",1182,47.63805998,"Paris",36,"Typical",247.515599067976,132319.5,1,0,720,1357.90804299116,"straight",-0.0834447397274261,-1.24550679376048,0.716816996782257
"347",2107,1513,"Correct",1277,53.85213094,"Berlin",42,"Typical",-35.1764885952203,-6148,0,0,0,1049.5829015685,"straight",-0.696433824078654,-0.983440026524053,-0.659471637039676
"348",2107,1775,"Correct",1403,51.02237324,"Saigon",37,"Atypical",-61.7022501281205,-37061,2,0,0,1099.52705379906,"straight",-0.833284215430772,-0.63585673524206,-0.659471637039676
"350",2106,2774,"Correct",2614,76.20323127,"Dubrovnik",68,"Atypical",604.484155825326,144201,2,1,1170,1588.7885754262,"cCoM",0.735277197960566,1.42027275960985,1.31205005091222
"351",2106,2640,"Correct",2322,49.72320713,"Sydney",51,"Atypical",111.294399871343,51952,3,3,0,830.54305258285,"straight",-0.18108834704445,0.767077441186763,-0.948469916322086
"352",2106,2295,"Correct",2265,41.83902091,"London",72,"Typical",-117.0380041424,-39630,1,0,720,759.652667193091,"straight",-1.09082817449677,0.639570135878147,0.44261929428364
"354",2106,1961,"Correct",1663,49.50445248,"Berlin",38,"Typical",516.970762047488,136555.5,2,1,720,1348.83358629785,"cCoM",0.659329786342707,-0.707085965802326,0.44261929428364
"355",2106,2731,"Correct",2373,33.8049782,"Las Vegas",58,"Typical",-126.656643395643,-22584,1,0,1350,948.712663944793,"straight",-0.92149986654595,0.881162924883946,1.65982235356365
"356",2106,2779,"Correct",1874,42.2709051,"Beijing",46,"Atypical",24.0270918632136,9317,0,2,900,757.980935594736,"straight",-0.604607789111994,-0.235085239133589,0.790391596935071
"357",2106,2630,"Correct",2241,87.03121214,"Barcelona",64,"Atypical",622.931564338006,219854.5,1,2,0,1594.22307257896,"cCoM",1.48678952610545,0.585882849432414,-0.948469916322086
"358",2106,1664,"Correct",1505,44.54249358,"Rom",49,"Typical",-24.4796631790995,2534,0,0,540,726.371670672041,"straight",-0.671987462515164,-1.06052726823674,0.0948469916322085
"359",2106,1737,"Correct",1273,45.13046455,"Moscow",34,"Typical",-146.794228986049,-57645.5,3,0,0,865.762873371214,"straight",-1.26978711688138,-1.57950437054549,-0.948469916322086
"360",2105,1347,"Correct",1277,54.68347434,"Saigon",44,"Atypical",46.0972791710271,24304,0,2,0,875.815826517875,"straight",-0.550077767455116,-0.728190846999193,-1.57065514453944
"361",2105,1314,"Correct",1257,58.03770384,"Berlin",45,"Typical",41.7724094649564,25905,1,1,540,902.278975159401,"straight",-0.537278366642507,-0.791260425952569,-0.096032522601513
"362",2105,2306,"Correct",2253,81.71658671,"Rio de Janeiro",72,"Atypical",845.084869962945,282227,2,2,720,2095.49569038384,"dCoM",1.51192089325104,2.34960460592558,0.395508351377796
"363",2105,1847,"Correct",1778,65.6204357,"Salzburg",57,"Typical",402.51509035277,173365,1,2,810,1201.01823638106,"cCoM",0.641609605766814,0.851702105782888,0.64127878836745
"364",2105,1428,"Correct",1378,49.46184785,"London",39,"Typical",-44.2226923102607,-27300.5,1,1,900,1042.67748762831,"straight",-0.962636592710757,-0.409689473284642,0.887049225357105
"366",2105,1437,"Correct",1372,58.71612252,"Dubrovnik",36,"Atypical",37.0090294742368,21296.5,0,0,959,874.345436597943,"straight",-0.574121613766122,-0.428610346970655,1.04816540071699
"368",2105,1485,"Correct",1434,59.33469674,"Las Vegas",40,"Typical",21.7794045907282,11103.5,0,2,0,840.38422376777,"straight",-0.655610865785437,-0.233094652215187,-1.57065514453944
"369",2105,1349,"Correct",1289,50.01822851,"Paris",35,"Typical",64.9090660676626,15109.5,1,0,630,984.874194629626,"straight",-0.623584382552888,-0.690349099627167,0.149737914388141
"370",2105,1289,"Correct",1243,56.25037347,"Moscow",37,"Typical",30.7928462178171,19704,0,0,720,876.143231999204,"straight",-0.58685306023338,-0.835409131219933,0.395508351377796
"371",2105,1541,"Correct",1403,54.54770632,"Beijing",46,"Atypical",18.3636573676422,3278,0,0,720,868.393350666967,"straight",-0.718172833967244,-0.330852499592921,0.395508351377796
"372",2104,1240,"Correct",1236,76.85233552,"London",15,"Typical",2.81556135773511,2392,0,0,0,1699.17153919415,"curved",0.402097545250168,-1.06506934852364,NA
"373",2104,2298,"Correct",2294,75.99702387,"Beijing",27,"Atypical",-12.5567168178259,-10600,1,0,0,1690.35185982925,"curved",-1.77867945658251,0.427977757970955,NA
"374",2104,1669,"Correct",1666,77.36799163,"Dubrovnik",20,"Atypical",-9.1639793708148,-7758,0,0,0,1693.98972553033,"curved",-1.30163448743161,-0.458254361952114,NA
"375",2104,2325,"Correct",2322,75.95810779,"Barcelona",27,"Atypical",2.13019056701417,1800,0,0,0,1690.04666177327,"curved",0.302727164624787,0.467491291980264,NA
"376",2104,1639,"Correct",1635,75.22133444,"Las Vegas",20,"Typical",1.19793700344768,1026,0,0,0,1712.98311103503,"curved",0.172807106172009,-0.502001488890991,NA
"377",2104,1431,"Correct",1428,77.02708263,"Berlin",17,"Typical",-4.98219238418577,-4200,0,0,0,1686.15836311934,"curved",-0.70440507144326,-0.794119401031238,NA
"378",2104,1523,"Correct",1518,76.22733233,"Moscow",18,"Typical",2.92025017204001,2480,0,0,0,1698.53791446065,"curved",0.416868818045833,-0.667111613144174,NA
"379",2104,1368,"Correct",1364,77.09130258,"Rom",17,"Typical",-2.27243088264747,-1927.5,0,0,0,1696.55840024786,"curved",-0.322953737032487,-0.884436050195373,NA
"380",2104,3656,"Correct",3653,77.5813162,"Salzburg",42,"Typical",12.498531417068,10600,0,0,0,1700.3076405707,"curved",1.77985444419126,2.34579535506562,NA
"381",2104,2368,"Correct",2363,75.73333373,"Rio de Janeiro",28,"Atypical",6.65133454760147,5681,0,0,0,1709.41648783895,"curved",0.954173865988136,0.525350395351037,NA
"382",2104,2421,"Correct",2419,77.27421374,"Ottawa",28,"Atypical",0.547657112309885,468,0,0,0,1709.10133713913,"curved",0.0791438082176807,0.604377463369655,NA
"383",2103,3490,"Correct",2366,48.35486567,"Saigon",62,"Atypical",12.7654580549054,3869,2,0,0,730.419094667919,"straight",-0.418842642464918,-0.118479099400081,-0.474341649025257
"384",2103,2423,"Correct",1527,47.64344977,"London",41,"Typical",375.279604607456,76118,2,3,0,1186.86126288049,"cCoM",0.196328218054664,-0.575088949637415,-0.474341649025257
"385",2103,2924,"Correct",2282,54.56621918,"Barcelona",70,"Atypical",-82.6645716880085,-16019.5,2,3,0,743.977158113264,"straight",-0.588185133841182,-0.164194507528729,-0.474341649025257
"388",2103,6310,"Correct",2060,44.7804069,"Salzburg",47,"Typical",406.742999559027,252484.5,3,1,0,1424.81619447823,"cCoM",1.69801725972759,-0.285013800440158,-0.474341649025257
"389",2103,2861,"Correct",2509,50.13378618,"Moscow",76,"Typical",-52.8859373098038,-14177.5,3,0,0,671.412699112462,"straight",-0.572501252748336,-0.0406540593715481,-0.474341649025257
"390",2103,1720,"Correct",1315,42.31740233,"Berlin",37,"Typical",76.0098541913818,28972,1,0,0,824.300746276351,"straight",-0.205100803662677,-0.690465932057338,-0.474341649025257
"391",2103,1883,"Correct",1524,41.91820705,"Paris",30,"Typical",-52.7699760792525,-26246,1,1,540,916.897904234159,"straight",-0.675259623524133,-0.576721642784867,1.89736659610103
"392",2103,13300,"Correct",2108,44.09029143,"Beijing",49,"Atypical",-49.9616658559431,-32543.5,3,1,0,884.995618278636,"straight",-0.728880275631734,-0.25889071008093,-0.474341649025257
"393",2102,1416,"Correct",1316,54.60109042,"Las Vegas",45,"Typical",-24.2840550652009,-8249,0,0,720,790.37252405911,"straight",-0.592409711095554,1.01580926703322,1.64991582276861
"394",2102,1042,"Correct",1041,55.53711601,"Berlin",37,"Typical",23.4936336587843,10553,0,0,450,804.098686548048,"straight",-0.0991816372037952,-0.875934853288234,0.58925565098879
"395",2102,1064,"Correct",971,46.88512125,"London",31,"Typical",-27.9746580343823,-10332,0,0,450,882.299261032114,"straight",-0.647052519196636,-1.35746972027915,0.58925565098879
"396",2102,1193,"Correct",1131,57.64389521,"Salzburg",46,"Typical",73.7316870698796,13330.5,1,1,0,839.123064811989,"straight",-0.0263201876114987,-0.256818595728487,-1.17851130197758
"398",2102,1153,"Correct",1090,58.19978504,"Moscow",44,"Typical",175.970523336294,93545,2,0,270,916.418857177389,"curved",2.07792634643756,-0.538860446394594,-0.117851130197758
"399",2102,1225,"Correct",1162,48.10248013,"Paris",41,"Typical",-90.2448872499888,-46013.5,1,0,360,903.683441408022,"straight",-1.58307621447207,-0.0435674403467965,0.235702260395516
"400",2102,1342,"Correct",1090,54.43001766,"Barcelona",50,"Atypical",71.1912538931046,23111.5,1,0,0,832.792527265288,"straight",0.230262292482922,-0.538860446394594,-1.17851130197758
"402",2101,1249,"Correct",1113,58.8233468,"Rom",37,"Typical",98.2797577130717,52045.5,2,1,450,1122.59830905304,"straight",-0.595559103601016,-1.30467575090706,-0.323287075346296
"403",2101,1744,"Correct",1675,56.45429394,"Moscow",46,"Typical",44.8448469336448,13091,1,3,540,1111.02875244358,"straight",-0.780037279754948,-0.597237325145508,-0.0497364731301994
"406",2101,2120,"Correct",1990,69.68122969,"Las Vegas",71,"Typical",633.940100306963,293019,2,3,810,1809.33302171703,"cCoM",0.545627454599688,-0.200719346293393,0.77091533351809
"407",2101,1594,"Correct",1393,56.86940873,"Salzburg",52,"Typical",223.764645610156,110562,2,0,630,1202.20870480128,"curved",-0.318440485856943,-0.952215325260734,0.223814129085897
"410",2101,3868,"Correct",3682,86.62741602,"Rio de Janeiro",102,"Atypical",940.217399023089,501621,3,3,1170,2334.12596174482,"dCoM",1.53351117797086,1.92914865439796,1.86511774238248
"412",2101,1859,"Correct",1657,53.37922358,"London",71,"Typical",-95.099457891573,-20016,1,2,0,1138.20541182103,"straight",-0.936823247433347,-0.619895495365628,-1.69104008642678
"414",2099,1690,"Correct",1523,64.06572008,"Berlin",137,"Typical",218.157651115063,55741,2,2,626,977.235162433677,"curved",-0.198764067290778,-0.791495639097908,-0.371008820053495
"415",2099,2809,"Correct",2627,71.57158942,"Moscow",276,"Typical",784.489002327879,383757.5,2,2,1152,2139.78180571247,"dCoM",2.09423612851295,-0.107405462508067,0.581978566888038
"419",2099,2011,"Correct",1774,53.59872548,"Las Vegas",162,"Typical",76.1281150465593,29937,1,1,792,916.5407365413,"straight",-0.37914699635843,-0.635964267427573,-0.0702561466080683
"420",2099,1715,"Correct",1578,50.86973571,"Paris",174,"Typical",-197.120317859944,-107437.5,2,1,612,1033.650973192,"straight",-1.33946379566102,-0.757415059648233,-0.396373503356121
"421",2099,1328,"Correct",1306,53.48510058,"London",107,"Typical",31.9861063049348,23027,1,1,702,888.046863612171,"straight",-0.427451369318338,-0.925959016199353,-0.233314824982095
"422",2098,2012,"Correct",2010,77.97561752,"Barcelona",24,"Atypical",-6.26266188348467,-5346,1,0,0,1708.22394527306,"curved",-0.771665553708237,1.28116325866679,NA
"423",2098,1400,"Correct",1394,78.2699028,"Paris",17,"Typical",1.18411183975796,990,0,0,0,1672.15430587151,"curved",1.15441697436,-0.724650567748684,NA
"424",2098,1646,"Correct",1641,76.89808107,"Rom",20,"Typical",-9.13777529526137,-7722,1,0,0,1691.67581016159,"curved",-1.49394650173382,0.0796286775834952,NA
"425",2098,1258,"Correct",1255,78.39931284,"Berlin",15,"Typical",1.68821930436159,1404,0,0,0,1663.30481400428,"curved",1.28026895772809,-1.17726115520282,NA
"426",2098,1233,"Correct",1225,75.63978912,"London",15,"Typical",-2.06651736981926,-1761.5,0,0,0,1704.82824714359,"curved",0.317987669438951,-1.27494689350228,NA
"427",2098,1604,"Correct",1600,75.98953981,"Rio de Janeiro",19,"Atypical",-6.71041907231553,-5669.5,0,0,0,1690.06375489498,"curved",-0.870006415108185,-0.0538751647590932,NA
"428",2098,1642,"Correct",1637,75.82662824,"Sydney",20,"Atypical",-3.16775108687042,-2709,0,0,0,1710.60382746678,"curved",0.0299568620928886,0.0666039124769012,NA
"429",2098,1560,"Correct",1559,74.55585942,"Salzburg",19,"Typical",-4.67640020392019,-3961,0,0,0,1694.34676996295,"curved",-0.350638990991301,-0.187379007101682,NA
"430",2098,2267,"Correct",2261,75.54867401,"Ottawa",27,"Atypical",2.90389566193489,2475,0,0,0,1706.85592113887,"curved",1.60584256687599,2.09846726910556,NA
"431",2098,1737,"Correct",1731,75.67146974,"Las Vegas",21,"Typical",-6.34187886302701,-5415,1,0,0,1708.64063315463,"curved",-0.792640884269586,0.37268589248186,NA
"432",2098,1472,"Correct",1469,76.11163748,"Dubrovnik",18,"Atypical",-3.73409433488497,-3168,0,0,0,1697.0180840453,"curved",-0.109574684684782,-0.480436222000046,NA
"433",2097,3092,"Correct",2958,85.36063927,"Beijing",109,"Atypical",760.93944674638,203994,2,2,1620,1826.40981195479,"dCoM",0.712169097095282,1.4033588978193,1.65936853220048
"434",2097,1695,"Correct",1375,51.83903592,"Ottawa",30,"Atypical",48.1104598965205,26760.5,0,0,1170,868.279424437715,"straight",-0.510592338131139,-0.736624856393159,0.69747771745075
"436",2097,2448,"Correct",2192,57.40285421,"Salzburg",74,"Typical",90.7644450504674,47692,2,3,630,1006.36838977746,"straight",-0.366182669634823,0.367839279545932,-0.456791260248929
"437",2097,1473,"Correct",1264,49.17525193,"Berlin",77,"Typical",-114.112274098838,-57523.5,0,0,720,832.171593276275,"straight",-1.09208074075606,-0.886680571312669,-0.264413097298982
"438",2097,2856,"Correct",2688,59.59384399,"Moscow",107,"Typical",930.482883730145,402645,3,0,1350,2094.60248459347,"dCoM",2.08269319027836,1.03835851017725,1.08223404335064
"439",2097,1769,"Correct",1537,47.20845034,"Las Vegas",97,"Typical",-117.758137412713,-20544,2,0,720,957.344462298288,"straight",-0.836953428515678,-0.517624623807929,-0.264413097298982
"440",2097,1892,"Correct",1707,57.03597971,"Dubrovnik",55,"Atypical",98.2813490191721,56213,0,2,0,907.259282654038,"straight",-0.307394967594495,-0.287809564922194,-1.80343840089855
"441",2097,1406,"Correct",1190,67.24171891,"Paris",71,"Typical",559.800418602527,263494.5,2,1,510,1508.9638936209,"cCoM",1.12267228513078,-0.986717714592341,-0.713295477515524
"442",2097,1394,"Correct",1241,50.71059314,"London",70,"Typical",-28.4056888582345,-2071.5,0,1,630,835.729394065019,"straight",-0.709508782823864,-0.917773196926621,-0.456791260248929
"443",2096,1666,"Correct",1353,48.01924839,"Beijing",36,"Atypical",62.6688325909269,36471.5,1,0,810,964.399001692579,"straight",-0.697686170853153,-0.669995779159165,-0.262295161888431
"444",2096,1540,"Correct",1268,47.88296345,"London",33,"Typical",86.6330270099121,49181.5,1,1,720,1021.15363554513,"straight",-0.610055083986429,-0.935743055073906,-0.63700253601476
"445",2096,1722,"Correct",1502,48.49854461,"Saigon",35,"Atypical",16.2070775481552,3430,0,0,1080,909.257382976159,"straight",-0.92549597075141,-0.204156436673325,0.861826960490558
"446",2096,1563,"Correct",1563,50.77481506,"Berlin",33,"Typical",215.348069212622,136610,2,1,720,1074.85628900495,"curved",-0.00726558924784835,-0.0134436857227456,-0.63700253601476
"447",2096,1795,"Correct",1609,49.37029289,"Dubrovnik",34,"Atypical",227.166651749835,135265,1,1,1080,1150.84987687327,"curved",-0.0165389025315418,0.130372487125232,0.861826960490558
"448",2096,1330,"Correct",1213,51.98468612,"Rom",39,"Typical",109.226640615028,53434,0,0,630,924.082600833235,"straight",-0.58073555629951,-1.10769717478344,-1.01170991014109
"449",2096,1626,"Correct",1464,49.86141718,"Salzburg",40,"Typical",-34.9605321116437,-4926.5,2,0,990,898.005776533431,"straight",-0.983111169602848,-0.322961101199915,0.487119586364228
"451",2096,2227,"Correct",2064,85.2224976,"Las Vegas",52,"Typical",825.021003788314,401762.5,1,1,1350,1941.91363228771,"dCoM",1.8208698757741,1.55290202290414,1.98594908286955
"452",2096,1634,"Correct",1451,79.41791859,"Paris",50,"Typical",925.785518900009,366328.5,1,3,630,2109.60800700505,"dCoM",1.57656460968162,-0.363604802222169,-1.01170991014109
"455",2095,1666,"Correct",1416,71.14580038,"London",60,"Typical",476.172969203425,126089,2,1,360,1557.44542997456,"curved",0.464572675426165,-0.397574374285178,-0.235043561442023
"456",2095,3653,"Correct",3097,63.68282822,"Beijing",96,"Atypical",313.250062642209,115396,2,0,630,1334.64383473061,"curved",0.358972530485774,-0.236380966367375,0.640840224609179
"459",2095,1892,"Correct",1805,46.70319023,"Barcelona",83,"Atypical",-77.2025807844357,8221.5,3,1,0,945.321871192392,"straight",-0.699443511215705,-0.360272627896109,-1.40288860951029
"460",2095,2381,"Correct",1620,49.06140622,"Salzburg",54,"Typical",103.855326246176,48615.5,0,0,0,893.389872992794,"straight",-0.300527187010884,-0.378012532991168,-1.40288860951029
"462",2095,3628,"Correct",2396,79.52492797,"Dubrovnik",92,"Atypical",696.07178581581,234477,3,3,810,1840.25818420898,"cCoM",1.53497279791743,-0.303600822970814,1.22476274864331
"463",2095,1581,"Correct",1305,52.14118105,"Rom",51,"Typical",-86.0754680755046,-28633,1,0,450,861.083503478808,"straight",-1.06340503199618,-0.408218317342213,0.0569177005750445
"465",2094,980,"Correct",966,63.68528944,"London",71,"Typical",277.411245432808,312515.5,2,1,180,1776.12675579735,"curved",0.609184751462174,-0.845846066250011,-0.581104612435629
"466",2094,876,"Correct",873,52.26148592,"Berlin",63,"Typical",24.4364948330517,4181,2,1,0,1765.08467168542,"straight",-0.561421706341687,-1.13810896824951,-1.46985284321953
"467",2094,1007,"Correct",1006,59.31823253,"Paris",70,"Typical",68.1527863516222,56661,2,1,180,1644.53776250098,"straight",-0.362178913512644,-0.72014159227173,-0.581104612435629
"468",2094,1466,"Correct",1466,88.28333416,"Rom",120,"Typical",1768.62463286494,108813.5,2,2,360,5424.58975868986,"dCoM2",-0.164179489865223,0.725459858478503,0.307643618348274
"470",2094,1236,"Correct",1224,57.77941343,"Dubrovnik",71,"Atypical",119.59343241971,118009,1,0,630,1647.00828324757,"curved",-0.129268340828266,-0.0350522090900977,1.64076596452413
"471",2094,1477,"Correct",1201,52.97469285,"Salzburg",80,"Typical",48.9650719565488,12421,1,0,540,1742.76952303725,"straight",-0.530138158077371,-0.107332281627609,1.19639184913218
"472",2094,1846,"Correct",1174,64.02043167,"Saigon",97,"Atypical",108.687862923929,76954,1,0,0,1561.52484221428,"curved",-0.285135582817526,-0.192182801562949,-1.46985284321953
"473",2094,1216,"Correct",1215,58.62612317,"Ottawa",65,"Atypical",24.7880953567394,1241.5,1,0,450,1618.31673847319,"straight",-0.572581656599328,-0.063335715735211,0.752017733740226
"474",2094,1026,"Correct",904,58.21233705,"Las Vegas",59,"Typical",125.980739796436,94470,0,0,540,1590.71921188976,"curved",-0.218635263473138,-1.04068800091635,1.19639184913218
"475",2094,1165,"Correct",1162,61.51028469,"Moscow",98,"Typical",65.3471261536378,38400,0,0,360,1562.42158085295,"curved",-0.431507660461027,-0.229894143756433,0.307643618348274
"476",2094,1411,"Correct",1180,57.79623024,"Sydney",90,"Atypical",127.218980913968,149355.5,3,0,270,1707.61039970494,"curved",-0.0102598765482433,-0.173327130466207,-0.136730497043677
"477",2093,1390,"Correct",1333,52.2780663,"Saigon",61,"Atypical",41.5424382731941,15745.5,0,1,0,797.062509257086,"straight",-0.449337384255891,0.47867031419842,-0.5775741130712
"478",2093,1288,"Correct",1217,52.63985545,"Moscow",52,"Typical",53.1650739221783,20185.5,2,3,0,854.709669884967,"straight",-0.405392147191062,-0.125375571836072,-0.5775741130712
"479",2093,1545,"Correct",1493,51.01461552,"Dubrovnik",58,"Atypical",-40.1463038592366,-18097,2,1,0,829.180636829673,"straight",-0.784296097176262,1.31183705355634,-0.5775741130712
"480",2093,1231,"Correct",1167,53.81900651,"Barcelona",58,"Atypical",308.880398603018,79450.5,2,3,0,1196.45151294697,"curved",0.181187689441154,-0.385740177885422,-0.5775741130712
"481",2093,1299,"Correct",1282,52.37154491,"Sydney",57,"Atypical",-24.7697851960298,-2470.5,1,1,0,827.870261868801,"straight",-0.629631627132672,0.213098416028083,-0.5775741130712
"482",2093,1076,"Correct",996,54.70338192,"Berlin",40,"Typical",-63.5676685890486,-25584,2,2,180,868.866389870115,"straight",-0.858399248055624,-1.2761871305742,0.583528485370903
"483",2093,1040,"Correct",1040,54.91021146,"Rom",42,"Typical",-52.1417724495451,-20500,2,1,0,794.457974094552,"straight",-0.808079972101213,-1.04706627725077,-0.5775741130712
"485",2093,1165,"Correct",1124,54.4506322,"Las Vegas",47,"Typical",30.4326029550272,13119.5,1,0,354,781.854003474766,"straight",-0.475328418609998,-0.609653739087863,1.70592766386494
"486",2093,1493,"Correct",1418,88.12767936,"Salzburg",72,"Typical",691.204059039256,288801,3,2,0,1738.70214566661,"dCoM",2.25325015613942,0.921290144482316,-0.5775741130712
"488",2093,1473,"Correct",1435,51.89220234,"Beijing",58,"Atypical",-29.7410145854949,-2429.5,1,0,450,812.263176814104,"straight",-0.629225826520137,1.00981411053909,2.32518238303406
"489",2093,1448,"Correct",1417,88.74984446,"London",68,"Typical",745.246963271607,107655,2,3,0,2505.05983103751,"dCoM2",0.460343869349926,0.916082852361329,-0.5775741130712
"490",2091,1867,"Correct",1864,75.97808,"Berlin",22,"Typical",-3.53281614721115,-2400,0,0,0,1358.85263951155,"curved",-0.382251607836998,-0.604474495130336,NA
"491",2091,1436,"Correct",1432,74.14881802,"Rom",17,"Typical",-0.133921083535207,-90,0,0,0,1344.07526445867,"curved",-0.0188698253443169,-0.968953977538579,NA
"492",2091,1772,"Correct",1767,75.53483512,"Moscow",21,"Typical",4.8506897545579,3249,0,0,0,1339.87491017403,"curved",0.506382023895104,-0.686313638171076,NA
"493",2091,1769,"Correct",1764,76.7201879,"Las Vegas",21,"Typical",9.26672722413494,6346,0,0,0,1370.66496286651,"curved",0.993565305444816,-0.6888447456878,NA
"494",2091,2649,"Correct",2646,74.96674187,"Salzburg",31,"Typical",4.77174522734276,3262.5,0,0,0,1368.09605425916,"curved",0.508505683662919,0.0553008642290283,NA
"495",2091,1820,"Correct",1816,73.71905432,"London",22,"Typical",-3.36439828055924,-2310,0,0,0,1373.5052094415,"curved",-0.368093876051569,-0.644972215397919,NA
"496",2091,5102,"Correct",5097,77.70329063,"Dubrovnik",58,"Atypical",16.1245720396235,10780,0,0,0,1343.08345714526,"curved",1.69106955807362,2.12321570539246,NA
"497",2091,3948,"Correct",3944,75.12742037,"Beijing",45,"Atypical",-18.2438082103486,-12427,1,0,0,1367.97279228516,"curved",-1.95958023686475,1.1504267164649,NA
"498",2091,2467,"Correct",2463,75.96521825,"Saigon",29,"Atypical",-0.4799303526101,-324,0,0,0,1350.2040437634,"curved",-0.0556799279864327,-0.0990966942911299,NA
"499",2091,3801,"Correct",3796,73.84759296,"Rio de Janeiro",44,"Atypical",-11.0734531806685,-7581,1,0,0,1373.22529008837,"curved",-1.19726503428487,1.02555874563986,NA
"500",2091,1800,"Correct",1796,74.2789186,"Paris",21,"Typical",2.74187381591292,1824,0,0,0,1330.53578700939,"curved",0.282217937292476,-0.661846265509412,NA
"501",2078,2048,"Correct",1780,59.43428951,"Berlin",127,"Typical",578.795213504487,398480,1,0,104,2055.29289433715,"cCoM",0.237583908710103,-0.17668846207736,-0.713073033839275
"503",2078,2722,"Correct",2408,65.88841059,"Saigon",183,"Atypical",544.808281207058,271586.5,3,2,461,1922.56467189816,"cCoM",-0.433802722160817,0.473931951584902,0.930259010695251
"504",2078,1260,"Correct",698,53.44557349,"London",35,"Typical",107.806475813435,115616,1,0,102,1556.06288882178,"straight",-1.25903418405802,-1.29766184994769,-0.722279375825463
"505",2078,1395,"Correct",1059,54.20655907,"Rom",69,"Typical",75.9823512811636,55977,0,0,552,1556.7723728329,"straight",-1.57458090062357,-0.923658714068589,1.3491475710668
"506",2078,1845,"Correct",1599,67.58984463,"Las Vegas",98,"Typical",874.564905398424,714301.5,3,0,106,2423.19725954266,"dCoM",1.90857834768137,-0.364208039900401,-0.703866691853087
"507",2078,4332,"Correct",4119,62.87368338,"Rio de Janeiro",187,"Atypical",614.850751091739,490508,3,1,555,2052.96231781891,"cCoM",0.724499068791502,2.24656177288447,1.36295708404608
"508",2078,1912,"Correct",1621,62.84270345,"Moscow",160,"Typical",410.759833105122,382384,3,0,101,1724.42371043512,"cCoM",0.152420845113478,-0.341415605026882,-0.726882546818557
"509",2078,2329,"Correct",2071,60.75917064,"Salzburg",154,"Typical",757.121886584623,517017.5,1,2,556,2552.81554394356,"cCoM",0.864759396476313,0.124793290113274,1.36756025503917
"510",2078,1699,"Correct",1397,65.58109319,"Paris",137,"Typical",521.746588321768,431176,1,2,102,1840.68995436754,"cCoM",0.410576672586547,-0.573484032829982,-0.722279375825463
"512",2076,3334,"Correct",3239,79.53033596,"Barcelona",60,"Atypical",674.376328865901,288177.5,1,1,1350,1720.23741369398,"cCoM",1.42885970129805,0.898502450192324,0.0386331091090415
"513",2076,4695,"Correct",4300,69.9628323,"Dubrovnik",112,"Atypical",570.287997654529,127637.5,3,2,2250,1550.32891157128,"cCoM",0.0924029030022203,1.9386236667683,1.29770658146499
"514",2076,1611,"Correct",1483,55.93335506,"Las Vegas",43,"Typical",579.021597443663,220778.5,1,0,762,1452.72435424243,"cCoM",0.867779274312001,-0.822942277712869,-0.783961559496847
"515",2076,2219,"Correct",2068,55.0151613,"Berlin",36,"Typical",-58.8671501645073,-29305,0,0,1707,768.118409188225,"straight",-1.21410557505025,-0.249454142277483,0.538065586476902
"516",2076,1955,"Correct",1848,49.33834196,"Beijing",49,"Atypical",493.860967356495,180704.5,2,0,898,1474.18026670406,"cCoM",0.534172885032648,-0.46512489406515,-0.593701568118614
"517",2076,2268,"Correct",2060,50.30622378,"Moscow",41,"Typical",-73.7243634786367,-7705,0,0,1530,819.557444900581,"straight",-1.03429078220616,-0.257296715069762,0.290447803580232
"518",2076,1731,"Correct",1611,56.85520183,"London",42,"Typical",434.288567523187,188748.5,2,1,810,1274.42573257947,"cCoM",0.601137245849215,-0.697461113036408,-0.716810974304529
"519",2076,1659,"Correct",1527,48.70258181,"Paris",42,"Typical",75.6360180120027,34326.5,2,0,990,828.304063044354,"straight",-0.684388677325314,-0.779808127355336,-0.464996279833339
"520",2076,3294,"Correct",3207,85.31092953,"Salzburg",86,"Typical",641.915928248091,225636.5,1,3,1628,1523.6498183936,"dCoM",0.908220953184064,0.867132159023209,0.427546915014547
"521",2076,1481,"Correct",1318,49.46852255,"Rom",38,"Typical",74.3191471344839,41428,2,0,874,821.161370568232,"straight",-0.625270401798356,-0.984695341553619,-0.627276860714773
"522",2076,1971,"Correct",1705,72.26719702,"Sydney",49,"Atypical",652.80563065886,279297.5,1,3,180,1627.72824249938,"cCoM",1.35493584201771,-0.605310882727133,-1.5981624049537
"523",2076,4124,"Correct",4067,50.75275967,"Ottawa",86,"Atypical",-38.6630701516339,-20007,0,0,2938,753.503831302769,"straight",-1.13670196653801,1.71020873419318,2.26019830255488
"524",2076,1842,"Correct",1759,53.39865873,"Rio de Janeiro",40,"Atypical",-30.4356037931819,-14727.5,0,0,1274,747.048863489434,"straight",-1.09275140177781,-0.552373516379251,-0.0676886507787944
"525",2069,2606,"Correct",2606,47.09222806,"Rio de Janeiro",37,"Atypical",-6.24777392192358,-326,0,0,2250,902.07935333744,"straight",-0.778477305018347,0.676839420487344,2.23152513620114
"526",2069,1466,"Correct",1465,47.75910766,"Rom",27,"Typical",62.1396978006438,30267.5,1,0,0,937.568983592729,"straight",-0.38810849338006,-0.368388044986828,-1.3843720752359
"527",2069,1016,"Correct",1016,48.02239435,"Berlin",20,"Typical",71.2699193275157,34279,0,0,630,946.044123858868,"straight",-0.336922310436396,-0.779700167684377,-0.371920856033524
"528",2069,1993,"Correct",1993,47.0613995,"Saigon",33,"Atypical",38.8469051517354,17454,0,2,0,924.668219767654,"straight",-0.551606974035336,0.115293025802272,-1.3843720752359
"529",2069,1658,"Correct",1658,48.05309524,"Barcelona",27,"Atypical",97.5430675901452,48120,0,0,1350,951.719437247763,"straight",-0.160313072464751,-0.191587956611267,0.785166251626329
"530",2069,1646,"Correct",1642,45.35042853,"Sydney",30,"Atypical",502.261310664925,245748,2,1,1170,1385.21246267646,"curved",2.36139276395316,-0.206244958756391,0.495894474711365
"531",2069,5135,"Correct",5134,48.62853216,"Ottawa",67,"Atypical",63.637356320258,26072.5,1,0,1350,927.386591476226,"straight",-0.441636110842025,2.99264575941697,0.785166251626329
"532",2069,1250,"Correct",1250,48.32385824,"Las Vegas",26,"Typical",136.20377963241,66127,0,0,900,975.109127838426,"straight",0.0694537469959399,-0.565341511311935,0.0619868093389207
"533",2069,1401,"Correct",1401,48.57659637,"Moscow",27,"Typical",256.103647227511,156328,0,0,990,1111.91011709152,"curved",1.22040598124783,-0.427016053567325,0.206622697796402
"534",2069,1451,"Correct",1450,48.39745369,"Salzburg",26,"Typical",235.923788116776,133287.5,0,2,0,1069.09588000286,"straight",0.926412400763347,-0.382128984497882,-1.3843720752359
"535",2069,1682,"Correct",1600,44.53794728,"Beijing",31,"Atypical",-66.1831385901645,12601.5,1,0,810,941.752416076202,"straight",-0.613524200193664,-0.244719589387342,-0.0826490791185609
"536",2069,2870,"Correct",2869,47.14061408,"Dubrovnik",54,"Atypical",249.540120338805,132247,0,1,1260,1109.16979174165,"straight",0.913135765252221,0.917763893247824,0.640530363168847
"537",2069,1131,"Correct",1131,46.35930579,"London",26,"Typical",-45.4655354123612,-28302.5,0,0,720,909.87472972628,"straight",-1.13545356006594,-0.674352964766296,-0.227284967576043
"538",2069,925,"Correct",925,45.33605969,"Paris",19,"Typical",-35.8760646046005,-24329.5,0,0,630,908.974083658594,"straight",-1.08475863177598,-0.863061867384771,-0.371920856033524
"539",2067,2716,"Correct",2020,57.28266056,"Rom",75,"Typical",161.8,74722,0,3,810,900.317378167168,"curved",-0.0620695414217659,-1.10122133836685,-1.14991519771814
"540",2067,2364,"Correct",1849,53.23551679,"London",52,"Typical",73.9530366427884,30070.5,0,0,1203,801.358788727105,"straight",-0.770781050024026,-1.22337168192203,-0.78394517684092
"541",2067,4072,"Correct",3944,58.82166309,"Barcelona",82,"Atypical",-29.0783224814793,-10917,0,0,3110,712.610339649731,"straight",-1.4213373126095,0.273148609002624,0.991894084769391
"542",2067,5332,"Correct",4129,64.21894944,"Sydney",87,"Atypical",80.1977515619701,30590.5,0,0,3240,744.204816842565,"straight",-0.76252757624435,0.405299565480458,1.11295287030129
"543",2067,2532,"Correct",2474,74.67800377,"Paris",81,"Typical",365.687845622273,123194.5,1,2,1080,1075.8122893585,"cCoM",0.707289127396147,-0.776915747875299,-0.898485412382644
"544",2067,4290,"Correct",4035,51.72431012,"Beijing",79,"Atypical",105.78393547569,40679,2,0,3330,854.025092748999,"straight",-0.602402248886167,0.338152592999829,1.19676279874646
"545",2067,2348,"Correct",2283,53.23501554,"Las Vegas",57,"Typical",87.2926297673224,45579,1,0,1390,825.692882248924,"straight",-0.524629130577688,-0.913352681319981,-0.609806769960412
"546",2067,3691,"Correct",3611,51.83716795,"Salzburg",79,"Typical",83.9288016029093,30731,1,0,2610,858.10116551707,"straight",-0.760297551117342,0.0352768873425235,0.526283371185146
"547",2067,4551,"Correct",4480,52.97391368,"Ottawa",80,"Atypical",93.1352224654973,38816,1,0,3780,861.971304197484,"straight",-0.631971905908351,0.656029218041105,1.61581244097228
"549",2067,2444,"Correct",2334,62.26380649,"Moscow",71,"Typical",647.561877026293,169839,3,3,720,1696.98660836042,"cCoM",1.44763366146551,-0.876921877101768,-1.2337251261633
"550",2067,4907,"Correct",4684,70.26445504,"Rio de Janeiro",100,"Atypical",351.386517412221,180642,1,1,2070,1090.12123292879,"cCoM",1.61909957923826,0.80175243491396,0.0234238005141613
"551",2067,3614,"Correct",3567,60.39882915,"Berlin",61,"Typical",214.122468153708,105434.5,0,1,2160,933.604614846333,"curved",0.425401253690311,0.00384638958563332,0.107233728959325
"552",2066,2581,"Correct",2422,61.33246539,"Barcelona",83,"Atypical",210.449109019589,110658,3,2,0,1018.87348638525,"curved",1.20245473468017,0.209365532184548,-0.288675134594813
"553",2066,2380,"Correct",2102,50.01329714,"Rio de Janeiro",57,"Atypical",-139.749903740814,-61518.5,1,0,0,940.254744388076,"straight",-1.02142152550401,-0.0868627815916733,-0.288675134594813
"554",2066,1689,"Correct",1512,50.33934879,"Moscow",44,"Typical",108.535294596489,57010.5,0,1,0,955.174102389835,"straight",0.509529732323691,-0.633033735116581,-0.288675134594813
"556",2066,2208,"Correct",1954,56.69115006,"Las Vegas",65,"Typical",-72.7932516939643,-33556.5,2,2,0,826.494791345798,"straight",-0.660257092568794,-0.223868376713175,-0.288675134594813
"558",2066,1652,"Correct",1438,48.33073374,"London",45,"Typical",94.3972770694773,43583,0,0,0,945.752393067632,"straight",0.336096665188378,-0.701536532677332,-0.288675134594813
"559",2066,1450,"Correct",1171,54.26980337,"Rom",34,"Typical",-27.4464403168563,-3548.5,0,0,0,834.336030058021,"straight",-0.27266599380905,-0.948702031984366,-0.288675134594813
"560",2066,1235,"Correct",1059,53.99854458,"Paris",37,"Typical",66.5708893998529,33635,0,0,0,850.567786294855,"straight",0.207605721091407,-1.05238194180604,-0.288675134594813
"561",2066,5312,"Correct",4585,48.87607051,"Beijing",111,"Atypical",-79.5900589087001,-39399,2,0,0,872.986967799798,"straight",-0.7357203355208,2.21168379061569,-0.288675134594813
"562",2066,3156,"Correct",2866,47.5310651,"Dubrovnik",57,"Atypical",-143.322379951483,-69583.5,1,0,2340,911.275848425613,"straight",-1.12559115398633,0.620382317549054,3.17542648054294
"563",2066,1152,"Correct",1003,50.78633991,"Berlin",31,"Typical",-23.7113423840781,-11154,0,1,0,912.518811845482,"straight",-0.37090060130096,-1.10422189671688,-0.288675134594813
"564",2063,965,"Correct",874,50.19912952,"Berlin",79,"Typical",-128.59668098917,-150475.5,1,1,270,1612.88948957146,"straight",-1.06923338670273,-0.854378573090045,1.28979852958266
"565",2063,1230,"Correct",1093,47.02290725,"Moscow",123,"Typical",-81.4927546513053,14829.5,1,2,0,1659.97225320861,"straight",-0.686504769500595,-0.679918053270259,-0.921284663987611
"566",2063,1795,"Correct",1610,63.7835392,"London",155,"Typical",1534.80179567286,1213968.5,2,3,0,3603.61910252045,"dCoM",2.08984689138775,-0.268063766755058,-0.921284663987611
"567",2063,1329,"Correct",1019,55.75480355,"Rom",100,"Typical",54.7848598195031,32073.5,1,1,0,1522.15965685484,"straight",-0.646579950075692,-0.738868183255027,-0.921284663987611
"570",2063,2222,"Correct",2100,55.43305154,"Rio de Janeiro",102,"Atypical",111.973186944887,78184,0,1,0,1468.34188352507,"straight",-0.539820881060847,0.122281688549484,-0.921284663987611
"572",2063,1221,"Correct",1065,57.06061881,"Las Vegas",92,"Typical",197.973555885631,187207.5,1,0,180,1605.28135313638,"curved",-0.287400123082947,-0.70222350785909,0.552770798392567
"574",2063,1244,"Correct",1146,52.27147459,"Paris",123,"Typical",-243.211867886778,-168678.5,2,1,180,2081.33468807829,"straight",-1.11137856693884,-0.637697014227115,0.552770798392567
"575",2063,3332,"Correct",2029,80.46502541,"Ottawa",162,"Atypical",416.536492027517,400237.5,1,0,0,1792.11466544475,"cCoM",0.205825594968959,0.0657214286992342,-0.921284663987611
"577",2062,2920,"Correct",2779,78.17249121,"Dubrovnik",83,"Atypical",618.521764861733,158684,2,0,1530,1820.30256229723,"cCoM",0.723800169930634,0.264387745300096,1.19118489422411
"578",2062,3554,"Correct",3377,77.97359269,"Beijing",108,"Atypical",589.736957815469,176506.5,2,2,1800,1576.51338022056,"cCoM",0.89782910836551,1.00239504582539,1.72516432956595
"579",2062,2596,"Correct",1916,48.22118007,"London",73,"Typical",-52.1891989753646,-17564,0,0,720,870.964109436634,"straight",-0.997184671773393,-0.800662924187079,-0.410753411801418
"580",2062,1866,"Correct",1709,55.76349719,"Sydney",51,"Atypical",-96.8860459773785,-35676,2,0,1080,830.09555468615,"straight",-1.17404045143015,-1.05612698975353,0.301219168654373
"581",2062,1950,"Correct",1759,58.30400679,"Rom",65,"Typical",539.329254970071,175412.5,2,0,720,1642.37794736122,"cCoM",0.887146675561596,-0.994420693722984,-0.410753411801418
"583",2062,1712,"Correct",1487,63.66505567,"Berlin",62,"Typical",675.348060930216,235731,3,2,540,1778.37855257412,"cCoM",1.47613051750207,-1.33010294412914,-0.766739702029313
"584",2062,3626,"Correct",2764,65.21988471,"Moscow",104,"Typical",468.802412823055,153528,2,3,630,1492.66520797414,"cCoM",0.673454078946192,0.245875856490933,-0.588746556915365
"585",2062,2051,"Correct",1940,54.27428743,"Saigon",48,"Atypical",-41.3222811491738,-15288,0,0,1350,816.970001597756,"straight",-0.974960524550625,-0.771043902092418,0.835198603996216
"586",2062,2006,"Correct",1866,52.52637176,"Paris",81,"Typical",129.16993769453,45018.5,1,0,540,918.127575982737,"straight",-0.386093857375826,-0.862369220217622,-0.766739702029313
"587",2062,3144,"Correct",3031,72.84364641,"Las Vegas",103,"Typical",693.708732524372,220633.5,3,2,720,2078.23972006028,"cCoM",1.32871001543892,0.575387477294034,-0.410753411801418
